foo,bar
2.8626922529712053,3.958386703551484
4.185507738790204,5.348608833296412
4.070612997219531,4.468184660532861
0.9540017634932023,0.651391251305798
0.18186625505849516,0.24822058630033608
1.083051243175277,1.053802052034903
0.6337768809320985,0.41379909745149823
1.1677820616598074,0.2544208433012131
1.9806539245231576,0.6678444018894312
0.41293145427562433,-0.5637245528039747
4.055512646342248,2.5813134885139055
3.3687430329076955,3.5768518829587683
2.803228181570425,4.082026567084727
-0.12094814860778157,0.41953244390702776
-0.4694743859349521,0.5425600435859647
-0.643518230380143,0.9278401280812372
-0.8895144296255233,-0.8158102849654383
4.892465300064329,3.249953485401047
0.970439922305697,3.2033925409302015
-0.6800247215784908,0.23225369716100355
-0.17018462252492844,-0.4532280493272752
0.19905969557347003,-0.6002168771587947
-1.3985675738191412,0.5629692366905709
1.3842728185105182,0.5639091200523596
0.6078965097165392,0.1866091231563581
-0.16711808031685435,0.14671368643332283
4.6243533598705024,3.1659227690200593
-0.5765104007267194,-2.59104229214491
0.08840688629184736,1.4775300810552618
-1.556581898659751,-0.4281151609659125
0.3227185603380895,-0.827230943552323
0.032004149065766624,-0.7534178703461835
3.365691258529452,4.3108082731597825
3.0788808084552377,1.1195749114345768
2.622017413243439,2.67311964596014
-1.4218106667418438,1.5013336519554867
0.6256673477650062,-0.8571575564162826
-0.4749453111609562,-0.6533292325737119
3.7096594152746256,3.0083638143679527
3.4328217099506446,2.784240010889248
3.730070759191402,3.997743089091394
0.8711247034316923,-0.32602353216784113
3.478632705651564,2.7527883208521766
2.661414201552769,2.6133190777165427
1.465648768921554,-0.22577630048653566
1.6777008140764407,-0.5535882417079946
-0.661786464768388,0.852433334796224
0.29612027706457605,0.26105527217988933
1.6248275303542554,3.6150260791474174
4.517661466843503,3.771495310825648
2.5922438198530795,5.019283923641769
4.469457200526737,3.9271943618716847
-0.48760622407249354,-0.4325581878196209
3.3099609649985053,3.1425545771895727
3.5242194566727583,4.912220555415429
0.7223813578277714,-0.372833152091767
2.596298139269872,3.8243592817216028
2.5726468658094257,3.738368982734785
0.2891686439078181,2.4553001399108942
0.2337859117907477,-1.5558956462036273
0.0917607765355023,-1.9875689146008928
0.5228354880354996,-0.573700003938579
5.52360621922964,3.506799844559998
3.4805803941122675,3.1968202171657247
3.324145595567929,5.161470165728018
-1.6064463202575725,0.2034636358672231
0.8339221545489041,0.4591800792284367
0.5655096456315442,-1.7607627591558177
3.083805595114746,2.369930660959642
1.9647251329163893,0.03526355197172861
3.3244360545007847,4.168654804757907
4.730874513154735,5.185014278708509
5.599721789166516,3.2529742992540034
0.6453759495851475,1.3686315575323487
-0.6734906242438685,0.27899416222380197
1.4129729813979313,2.9153822693428006
-1.0676204293825944,-0.1423794850212935
0.8303358165442456,-0.8560838259088672
2.1489256337919787,2.17754204325643
4.746891715534719,3.437995990633968
1.8605158374745658,3.107528893939127
-0.5227230205190395,1.0490092258368893
0.8951932200277323,0.6351718016819695
-0.03468488738678118,0.23421473253652075
5.476440584515485,1.9357583882889486
-0.2525681513931603,-1.2477831819648495
4.2833905092825955,3.2484611139555044
-0.172946059923423,1.7117084801423434
1.061182841723571,3.365720837813696
-1.4153707420504142,-0.42064532276535904
2.893134822142825,3.957686586053552
4.551947617722918,2.501939372685587
4.290371896051711,3.8400512945688905
3.999685110302934,3.9720022709192744
1.6449677135012837,-0.24903603955637832
2.8921247393241822,2.9608772968510215
-0.5305011476105275,-0.57581824064468
2.9416982460539693,2.399845767028305
-0.6056155397368641,1.8260097135469362
2.951731205074923,4.333333911780307
4.052299937679523,4.125630933646001
-0.5286166817497568,0.5863640187550933
2.7162343344136035,2.8094589476837406
3.0632357627617823,1.8934228992613207
3.8498000245679074,2.4959454031579895
-0.9815086510479509,0.46210347426327075
0.1920491164900316,-0.3091164642025014
-1.3044695005048532,0.6696725488300385
4.453125045376087,4.013085420097293
2.2495922660302825,4.104515326355367
0.22213377163371284,-0.4787486216634773
3.3398672044333595,4.171340076450465
3.792192728326373,3.3126709815936253
-0.5923939242388692,-0.863990769679816
0.3801978510059632,0.6105857452838231
-0.02730453950993186,-0.933267959073196
0.8995998754332507,0.30729952087660933
0.30263546523903323,-0.7542758500193579
3.986036289417637,1.9526960110616345
3.8904648499288896,3.3967782470675036
-1.5566291735239037,0.6060099513456396
-1.0041407667520679,-0.7677975651041284
0.7569886166453519,-0.9221653241776254
0.07863519031609059,-1.9982006845321076
0.07580455819372633,-0.6771617115121117
0.12029563171189886,0.514438834058749
-0.4461834332147797,-1.889540730945531
3.086534838876724,3.760280506582886
2.8882309090947147,3.4629632029515878
4.051476275239523,3.8405892164004967
1.502357052096028,0.07409478041977519
0.0184183791895517,1.6764373122752827
2.964036554885952,4.308057798281145
2.4090335697848015,3.089185712045415
0.5500520990245519,-0.9683444548636353
2.543563623181991,3.9724062778803773
1.9018756481162524,3.9621726660819427
2.3209602088401975,4.6876793884615635
-0.2595913513636048,-1.5031429531181062
0.25755039072276437,-0.07444591576616721
0.22468472575188592,0.9325908318730899
0.24380071377119883,-0.5640786307367284
4.717959152305559,2.986803635486604
-0.03955515385665504,0.6815006973726244
4.0348173363459106,4.728980502489062
2.7575157674616158,3.0146941646321315
-0.0952955323869521,0.27902152577033923
3.6972922656312064,3.811308673442885
0.3241663524884421,-0.13014305436768459
4.6941094030473725,2.5188344688603186
1.7214124159934832,3.819651825918977
3.6232048067844858,4.051485376040468
-0.5589218472715883,0.37721187506452086
0.6141667000434252,0.7575077100473051
3.302661579692674,3.3487267163464884
2.310588107132672,5.142672953255963
0.82206015999449,1.8967929826539474
-1.4785862457798415,1.143754043206929
0.1605739810498646,0.0030460201534144695
3.2941405691196595,2.7534216534597613
2.475813175670795,5.354092566334188
0.06980208499001891,-0.3853135968617602
2.8585184047770476,3.9319225446739408
0.12810441491078928,-0.6810516574748808
0.650201177958661,-0.09917586377938291
0.6476885381006925,1.5230298564080254
2.973752143482579,4.888337778208448
-0.4465149520670211,0.8563987943234723
4.576007138598598,3.5213116486719422
-0.3609661658190799,1.159329803364248
0.820482181197364,0.5072740311072977
3.006877177600228,4.943632003468814
-0.3653215513121087,0.1846803058649084
2.3977078501635765,4.181359510442948
3.1705522136529085,4.231870704288296
0.45588777208160763,2.165002344901084
0.39922312260527926,0.647195939702741
4.547317706621448,4.669589992427774
-1.4785219903674274,-0.7198442083947086
2.9687857053924014,3.98387665118804
4.122207144043402,2.361166882219231
-0.5245202662797737,0.48937456122791806
-0.04692057887918407,0.47704082722312147
4.500582318042978,2.829379790923355
-1.3793192280145272,-0.7309300399419191
0.10420110395187607,-0.06259312789952241
3.8191745104191805,4.840450446023144
2.664857098369977,5.589538721694773
2.911133173261304,2.6627375689502997
0.7910319470430469,-0.9093874547947389
-0.18687164416135904,-0.4397310582741749
4.626050250772169,3.448606276411514
4.700078956426861,3.008097552493795
2.093682536328166,3.416894427371305
0.005243699718183166,0.046980593764742055
3.8506300992735594,3.9891871301476636
1.6334600486393838,4.507513689836922
-0.46770120131189136,0.3465038817307158
3.8496500472996935,1.9351972286379449
2.997025229448657,3.7634872153310597
0.38193545223155334,0.43004164719106963
3.998221748496785,4.640149038521266
4.240824345420126,2.986786433528415
3.6412571400874634,1.3694335201927994
-0.5518581458924467,2.5581992856682523
-0.045586016355497805,0.24333944932269183
0.06023020994102644,2.463242112485286
4.225095786847997,4.0161782871149585
-2.025142586657607,0.18645431476942764
0.028181157369128247,-0.009118996644203544
2.5016145608117086,3.8017918998194657
3.1416598479787776,2.852458194364841
-0.4442932600761116,0.3773004930448522
-0.48536354782910346,0.08187413938632256
-1.5341141707356223,1.277676821898509
4.635620147182944,2.393706487588366
1.586016816145352,-1.237815498826849
0.04886007032570433,0.04059169120388238
4.397066196887132,4.774875041278722
1.1081828167375165,-1.0399059271255309
4.369154592496897,3.0444604739761294
-0.24717738252059693,-0.6819842479977986
3.269133626155231,4.953260663321034
3.5853181425650242,2.691734278359074
1.348184598670695,2.78084668075758
2.6999614356023534,3.436475425384645
4.582691053887073,3.0288753481821216
3.0346895432199466,3.3940516456958645
4.4503075919735755,5.210613372581925
0.132969674146876,-0.7001208149391732
3.276797745365195,4.989863438602082
1.9188092979678666,4.395038314076116
1.796128413173281,2.5755340118704457
-0.9896281365703375,0.9407711879882159
1.4711703274936085,-0.20932367715186612
1.4027943109360992,-1.4018510627922809
-0.07016571145864703,-1.6609609335159914
4.338940500469612,2.882746813453077
0.33088023221445706,0.8335289616089246
3.0355957376906124,3.9620608932518966
-0.3791277409874871,-0.20358036010236177
-0.7904744554453119,0.4714683571359957
3.8230792731160292,3.2476464978737125
1.1487657003721035,-1.7397137787780996
3.5436024463724536,5.195051040430753
3.582439752934503,2.0424485005350697
4.976934426118275,2.3322204487320652
3.538237994960028,2.051408585366456
0.2110174672026184,-0.09671311187039239
-0.1730718242838696,0.015579047581467534
1.085895565831578,0.4746982328799528
-0.6763923020592697,1.8009404329108156
1.3821589910375272,0.6487098875896427
3.3441018220633323,2.951712703509399
0.8696059201056602,1.355637858804951
-1.3281860488984305,0.19686123586912352
3.5720368612837445,3.287791030098848
1.179440120721287,-0.4691756521047048
0.5906548306923093,1.1087035805829077
-0.6690727386599166,1.0399046873960764
1.6699045043514062,0.3946715298229811
5.16125921454787,3.0429037434137283
4.115771149771142,4.703884437168816
3.76402008133367,4.772353500106767
2.916400673653995,4.538378851019317
4.556056809066051,3.7232389141291597
3.5886575909614375,3.6973157074055956
4.607080669286972,3.3796188360464017
-1.3719011429313563,-1.6135613978767411
1.5231240772696573,0.5389100436846587
3.473594243041073,3.780161158819607
4.711943985386401,3.761250531233856
-0.8756182533847572,-1.382799730964336
2.122382499245763,2.935225995829058
4.0731278132412,1.7141335080658888
-0.36361221221385587,-0.056945623721067457
-0.44643361455052827,0.19408999289830758
1.2276689924732922,-1.2096410186912054
3.570052163113181,4.661878302608191
0.7077519354554754,-0.5624667758942676
-0.9885911071509175,-1.103589317215771
3.769126941245107,3.1568077245025896
3.8080505395041024,3.1083514325782087
-0.1769472274940494,-0.7982972445384537
5.19995737457638,4.571543152234886
4.165924252054461,3.9215866106144555
4.300409525227682,4.254291329813574
3.515618333949603,4.402277173786647
2.6046536776369758,3.0918991608397794
-0.32034730819432017,0.4241659464019164
-0.24869112618354708,1.6073455760199926
3.466387435296287,3.9547409121411343
4.013105798176083,3.2404533224160827
-1.1063349740060282,-1.1962066240806708
-0.5522230442809712,0.6329318177555108
-1.5256563145700948,1.262584103427182
3.1793323744428084,5.295211355912322
0.169360824036078,-1.4137144969049802
4.150450092536139,1.996919698240182
3.1128693502104854,3.454588782067762
0.03800347816820029,0.1200313267182613
4.055604466003448,3.589580681255249
-1.348185422105713,0.743264094022715
4.432191564260385,3.263444712781054
0.822544912103189,-1.2208436499710222
0.21409374413020396,-1.245738778711988
2.8540358208754646,2.7008079933497466
3.925887206193036,3.519147777415752
4.390383163519786,4.075205016106566
3.0169389483165605,3.646793011985549
2.4103669626576116,2.7152380918722967
5.054160420714775,4.353975976552224
3.0526781043412488,4.781016361735113
2.7811676123912696,4.245005312877281
4.043479378670093,3.6998104337187137
2.4082991238606857,3.112900297525599
3.7806364044901364,5.258620484195133
0.5150476863060479,3.852731490654721
0.2799686263198203,-1.1254890472983765
3.399845923520047,3.296326249823034
3.707267329398944,3.5693443370362505
-0.213442870930208,1.490726136849952
-0.9746816702273214,0.787084603742452
4.00066572138121,3.54977368718096
-3.2412673400690726,-1.0243876413342898
4.984116028535965,3.85561334878566
0.028744822934817487,1.2784518626072987
2.4376064718531203,3.9283070972076484
-1.5193699659540134,-0.48423407286625136
3.0826331863949155,3.204910085762094
4.183328992811069,3.2906861804206384
0.2010990467149675,1.050654396007612
4.810308746119608,4.895683810789956
2.5006977677050894,2.9952250787717825
0.5387559924463692,-0.9206735930793662
1.3902075490173134,0.5578103063518622
2.528343265458714,2.1203818352110693
0.47323762457354485,-0.07282891265687277
4.046284248003699,3.5064222698109377
4.383109777147159,3.4221628029871978
0.27157883719537346,-1.2767485758203094
0.14866745720211155,-0.33708597111803934
0.4599721429391164,-0.6777153697521061
-2.6197451040897444,0.8219025043752238
3.668460976269614,4.81759753560796
0.6135179727304166,-1.0227925651984056
1.158595579007404,-0.8206823183517105
3.2610679008303056,3.1331755881853125
3.9395012306202264,4.278936503512114
3.1149781882871364,3.8829889847409285
5.117212574968624,3.604355937523213
-0.5397596803093615,-0.7783047254023127
3.8674816654743043,3.186470313827602
1.698942265847261,2.957326200265978
3.9148655003619104,3.9632885301181062
2.783177679397195,1.63346338292694
3.963206292099123,2.1328621935397543
0.2704568257798388,-0.05023810944913695
3.1403703275475374,3.8011073391917423
2.601215951676872,2.16968637426101
-1.280429352496283,1.7547941819843647
2.594267699137381,2.8462336613511803
-0.7020530938773524,-0.3276621465977682
-0.8874921778021001,-0.43745830032341043
-0.4344962274323156,-0.30917212346863937
-1.6275424378831627,0.048084946661381994
2.383475560051341,4.735811620006938
4.532546204341657,4.626705136827583
2.013387247526623,0.13653533108273744
1.3273304539859638,4.347421677150422
5.370965175371782,3.8896141773709036
4.717158520825496,5.021316051922451
-0.78489831308224,0.648280433843859
-2.650969808393012,1.0915068519224618
4.9033699701251905,4.197903272539028
-1.092312764672579,-0.3164084496948019
-1.4075116947178212,-0.7778166875908753
2.409600922557154,4.91093237974627
0.6387302220291846,-1.1430049127304835
-0.4606387709597875,1.0571222262189157
-0.8583577801812136,0.7003098794089914
2.056145183866458,1.2038190468627619
-0.6389617476895022,-1.3230897934074983
2.2888280707192186,4.230764119066524
0.11958036841415326,-0.9730689408815555
4.20945181713904,3.0645136294301567
-0.08828204835125482,2.5797093376543185
2.8418835109247436,3.1962739712233352
-0.24415663529064868,0.9640871682883573
2.388542043062968,3.746504778432005
4.18205206571262,4.987246155335927
-0.23415337472333597,-0.23413695694918055
1.091310120594269,0.609138120907177
-0.6881503451777238,2.2524358053443088
-0.7271371758248686,-0.24751863555150475
-0.9857260463355437,0.5040465155178444
3.4944039811709535,4.1687416555925125
3.24382024750462,3.258502554129221
2.2542826235536157,3.5549341109998487
2.6317072681236335,4.034629086122435
0.5868570938002703,2.1904556258099785
4.18021610545045,4.692507512477975
0.517659020469123,-0.7257438131534656
-1.2096947428411076,0.5999287299962045
-0.30777823495300083,0.21915032766393897
2.8585130909556904,3.987872284871074
-0.21967188783751193,0.3571125715117464
3.8771003939021864,3.470737186315022
1.3781451009914054,2.8921780129055676
-0.553649305347182,-1.1978778925888485
1.6286155455712918,-1.3801014582148914
3.404535752910927,1.7237536665335482
4.673124637586641,3.8696421921980937
-1.5255251709247388,-0.6919080698812444
0.5150352672086598,0.5137859509122088
4.00826863967459,7.426237706436327
3.2765340176281477,3.1506832038818025
4.796994546561109,3.477131937701118
0.4933179008808892,0.1848361236948739
3.583826627929361,4.910459145203504
6.1207930910299755,2.3880329742258364
1.8820244964750337,1.3454200461549777
-0.11453984525261789,1.2378163119734618
-1.251539424190444,1.4437646040732595
0.8254163489880298,0.8135096360006385
-0.6269670577877674,1.8124485579969287
3.984732817294475,2.6536433450091264
0.5597904479310398,1.0807807255546218
4.013600106569717,2.9672991603380887
-0.03471176970524331,-1.168678037619532
-1.0651136630753726,-0.30522470435466764
2.5448774206506473,3.923599065593461
4.17286123596682,4.091814133741378
3.673341664370408,3.7439531979085
-1.0962750868952018,-1.4400508825942944
3.3605537243190007,3.0498107351485886
1.196631486645651,-0.6097829043193822
5.401190685753008,3.439339186185379
4.9227481360999406,4.426215402241592
0.22409248181041677,0.01259240078179486
2.7308576502127018,2.5600968988911355
-2.499405714873573,2.2909425725907417
0.3109075655980046,1.475356216949552
1.6725723868377034,0.4190190093660452
2.412754061137197,2.4141748711148145
0.29307247329868125,-0.7143514180263678
2.0883747047807275,-0.13958962815517376
-0.012246772846914623,-0.8972543714858315
0.541462728204788,0.7591551603026468
4.119154261005198,5.557495469711698
-2.038124535177854,-1.008086310917404
-0.02435459226098284,2.1422703586118637
-0.7153037092599682,0.6795977489346758
4.125508016831036,4.385231482988991
3.086394466578356,5.387687657340191
3.8231677141847813,3.3523974137013313
0.7472936051232618,0.6103702654334648
-1.4480843414973241,-1.4074637743765552
-0.34268759408034877,-0.37144086599579146
1.3993554365860021,0.9246336829127688
-1.0212328171307132,0.7083564472993533
3.2714000846599816,2.5056506253914876
4.521383295429398,5.588442772869925
-0.7859894605079495,-1.331232953557778
3.6448878330968912,3.5239030432849554
0.594754341665286,0.8534155587803077
5.384586305934609,5.043243528272189
3.8937972982162514,1.57232742065439
0.26705026586925884,0.889630795623437
1.7741932712094033,2.822435347664345
2.9076440443479465,3.6235476959555823
3.957280404615241,4.9558223221467665
2.9958201689923287,3.418477326898354
-0.2590421458207031,-0.19634984908497827
2.5745753739404127,3.755383755674317
5.404136589573007,5.125958915362063
2.765826201221504,3.5819955564135606
4.6889133714746425,4.208303847201064
-0.32267983884213575,-0.25083301645504735
4.106723059136183,3.316803381279612
-1.1913034972026486,0.6565536086338297
1.6538121377619062,2.5704891398075898
1.1792971840638264,0.06751848141010895
3.3196083182375924,4.87284847467653
5.495667489783965,6.609918556005361
1.2382830714336357,0.02127157673606165
3.8319803305690145,3.6904996797790663
2.4463175808536457,2.432197078420807
1.8466369960476658,-1.0700847663261526
3.172105283487082,3.655190683858979
0.7326400772155792,-0.08071658010858232
2.964198536947702,1.7926420424070533
3.500207064918197,3.4906996788613855
0.058208718445999896,-1.142970297830623
3.305091719647319,4.633770096867065
2.6903964800783537,3.9240610444640898
3.5678555105274032,4.3527736751222195
1.0062928092144405,-0.5768918695231487
4.4983108981479605,3.0683796872819515
0.12229750303228377,0.5432980290363879
0.7589285897867651,0.2811914239693758
-0.966976143129213,-0.047711356141979855
3.7531652380379814,4.320344012612456
4.03450564848055,4.387655425873836
-2.6968866429415717,-0.05429486651781221
0.3078017688920592,-1.7101683926566256
-1.183258512665775,-2.0392321777601006
3.5759552679160875,4.242682418359722
3.420358608754285,3.952371796249734
-1.0121043752601675,-1.6548566718657693
-1.0448091940210336,-1.9663565893760018
2.5600845382687947,-0.09605989972464987
3.514273067836434,2.5460605806033554
-0.23093453020867796,0.6962063648134184
-2.123895724309807,-0.525755021680761
2.4833168714235025,3.2559195263257985
2.8960193740307707,3.270451344639653
0.570890510693167,1.135565640180599
4.411362722174721,3.6057537912714803
0.30740669780910074,0.8157372125392968
3.2695992857942326,2.5757668557316955
1.1055259329579838,1.1870303055603801
0.6901439917111125,-0.40122047188583626
0.28586539072490497,0.334456789987025
0.01300189187790702,1.4535340771573169
3.1307228607537967,3.643388467342251
4.062880860174355,2.6201856464979456
3.0299578522404986,3.7658782296520483
-0.8289950109220723,-0.5601810401969696
0.8604734883597454,-0.5830774385689385
2.2077373048943816,4.189707805245194
-1.7131345290908775,1.3538723741654128
2.4457519796168263,0.1292211819752275
0.25988279424842353,0.7818228717773104
3.1402313542109144,2.1739523139179617
-1.236950710878082,-1.3204566130842763
2.9494631505084166,2.279287574085841
2.88234810456565,3.18392714397295
1.6063853330462143,3.7132937073729386
1.72376476710168,3.9086528114806707
-0.6514180036144483,-0.48388583405432156
-0.04015795064434341,-1.4307751021180481
4.465397484591171,4.736130721806218
3.0706977754827403,2.807579020126144
-0.06413834659299254,0.3287624103034804
2.677580067617799,4.621030667324471
3.312855734995451,4.485729995679863
2.8977879396382193,3.9687742560750237
4.294264679621827,2.2457105768307506
3.124803619676063,3.182284903243766
-0.846793718068405,-1.5148472246858646
2.937831973421698,3.2907781262554723
3.0172564778179676,2.5466713917412878
1.4765403497258958,1.3800913541474515
4.0565531245337585,2.1645184309001086
-1.6694052811213718,0.543360192379935
0.0773683076476183,-0.8612842013282637
-0.7832532923362371,-0.3220615162056756
2.1330333746562666,-1.9520877995225019
0.5298041779152828,1.4415686206579004
1.551151975522523,0.11567463429285867
3.486162253905763,2.810272225935826
1.277664895788425,-0.5915713888358299
3.438235800139871,3.979441518086064
1.6839276914578687,-0.45888426286894
-1.1701130260593595,-1.8019804375800197
-0.8397218421807761,-0.5993926454440222
4.196954404510736,3.16618051024399
3.0632802639594043,3.4338673853741777
0.34272534637770413,0.4567532191537839
0.013929291912946203,-0.024125087110003277
1.5207001896242123,4.2479102561175335
4.7816437950037685,4.057691060725125
3.689581616598743,4.501046092567141
-0.9080240755212109,-1.4123037013352915
0.32692737376416264,-0.21910052880886424
5.556543564829541,2.3691115646740846
0.1053755061459599,-1.3340254949182044
3.460692712372369,3.365503215598267
0.8135172173696698,-1.2308643164339552
0.7384665799954104,0.1713682811899705
4.421801501977252,3.9826878872092126
-0.9824873935383096,-0.2246331499970246
-0.07160125941406395,-0.03722223650984159
0.09612077694098337,-0.4622752887050425
-0.6095122021592831,-0.186971302985446
0.3996879517526416,-0.651356893791829
1.477894044741516,-0.5182702182736474
1.7976865268495226,0.6408428612670098
2.7904201452508275,2.2414950893246655
3.890695920928144,2.173527871688917
3.043879172525812,3.6814266201139714
3.3745457399971,3.8278795241593575
2.6303369187253054,4.62543478441477
0.19652116970147013,0.7090037575885123
-0.006070911539893324,0.8384907744516419
2.9301670717612414,3.8295087355730093
3.540919175395721,2.4978125442185273
-0.221253623585772,-0.27681329988892067
-0.020901593964148132,0.117327383308782
4.475197629782429,4.0010941699398455
3.3108796092229666,4.42165011192446
-0.24032539815813503,-0.3748208075495975
2.324405394375148,2.604930157723395
3.377291066404276,3.593372374276651
3.416562030209639,2.05035478030147
-1.1033666061738736,-2.152890592952483
4.329474841931749,3.3061738612271965
3.7965755451407617,3.9631847952675847
4.138051101440757,4.000844474944457
0.5219415656168976,0.29698467323318606
0.9163276747024814,0.3464884758979927
0.6628812686674127,1.173473857485325
-0.5736620068802363,-0.5468589412403921
-1.4183657329330317,-1.7608088119807759
0.47897982574639186,0.3336621052869483
5.300511181510854,4.738946352939437
5.080540686568374,2.4849058081721314
4.804340242878153,1.8375080119643257
1.030999522495951,0.9312801191161986
0.9382838059759977,-0.5160447282173739
-0.7019916878067554,-0.6629009175509482
3.362551485372308,4.4528745472029385
-0.6680904536430488,0.9920423495365228
-1.4789115687741288,0.18335991977915564
0.08182935854756501,-0.09888965319114267
0.6862601903745135,-1.6127158711896517
0.07156623721939247,-0.4776574467651167
2.7575294143019518,2.1799774887792944
-0.36244094140313216,-1.1196698946261439
2.850626961678574,4.821304032273012
4.0646059258936,2.480335661307884
2.9759116020654073,3.652354872033722
-1.0810633275998973,0.6159356069442637
3.31710355889516,4.874876419148185
3.1485857642862674,5.063413358832108
0.00511345664246089,-0.23458713337514692
4.013907849658915,3.679581781939598
3.8764095260975164,2.5979484456424897
4.193478911913994,3.1079873600808705
0.27669079933001905,0.8271832490360238
-0.5551995266931984,1.8811570694405901
0.9638791167949097,2.2105230015913513
4.135418030209227,2.2607416051465274
5.2554756983154896,5.073019725214857
2.7690437242845265,4.257921849923619
2.5645612979554047,4.585982116175032
1.8848681840944905,4.664739354457171
1.305478807154329,0.02100384163275905
-0.7043436905427592,-1.4084612963635597
-0.6134026635409398,-0.30246968648812833
0.8642522609831222,3.503375506597161
0.9376663412046895,3.308972237399831
0.3885786045309641,2.4929995174327906
0.09965136508764122,-0.5034756541161992
3.2888697611723057,2.512820472848816
-0.1340171666729177,0.014688194729197093
4.687386051564751,6.089563642018614
-0.9649234605801045,0.6860514599984393
2.727122332176391,3.907052287124535
-0.275051697151644,-2.301921164735585
0.15041890514357642,0.3649610024662254
-1.1958830620351844,0.4446026682201407
4.705994516546816,4.277407352764511
3.7537396614945733,3.967693171765433
2.9512750922590385,3.5928449011411145
4.419228934575203,2.831855914461006
0.4810092317367132,0.22388402427913137
-1.2221278088919454,0.7129984301723881
2.95044286409142,4.359587886979802
2.7654084232019507,2.689747562985619
0.918316606002313,-1.570500603623177
0.9751197334177512,-0.14705738150213865
3.6718393397935314,4.053251219984784
2.1221561970126332,1.0324652605511468
4.511463035408356,4.841475915530881
3.2659801408930185,3.9663583744463344
2.003470744909921,2.849976065593102
-0.03582603910995154,1.5646436558140062
0.8576596232020194,-0.1599385299634271
-1.2608839543350452,0.9178619470547761
2.3693846650624737,4.122711223900269
2.408066099604687,4.390247500836509
0.23561455810856594,0.7708651938869668
-1.0469109826819396,0.5366527525272862
3.446879346982455,4.723568882418627
0.37114587337130883,-0.6039851867158206
3.8341764172448976,3.3447409511752513
3.920094490451841,4.106850593215671
2.2476065555868807,3.863631882624968
1.633431532301096,-1.146345393018688
-0.11232804969082982,-0.22096959953322298
3.273515901150168,2.5405607632765204
4.358451116656665,3.2653794300425862
0.18676676447707832,-0.7553829323533225
-1.1509935774223028,0.37569801834567196
3.2354851586893894,1.4961376355932465
0.10939479460489289,0.725766623898692
3.676441555277225,3.132972160916678
3.793557932166629,2.143418195376595
4.581766727672829,2.1877808065685937
3.0127970788050726,3.148078682183491
0.06428001909546277,-1.0777447779293061
2.815370174239996,4.290625599162769
3.3053027038833185,3.435811822891502
4.129529584221811,2.6956842403400074
1.6654744444625766,1.0143700650181304
3.7671266510114836,4.008725023229934
2.414849473442202,2.674589470021045
3.4475955494225303,5.204105516255491
1.9828263033283209,4.2505791675217655
0.07682189106025536,-1.2829922241885696
3.52538842054241,1.5803268438023437
-0.8604133652839524,-0.38455554422982535
5.373297776217545,4.5800480657146485
5.512270445700765,4.523709546106981
4.172573701202731,5.399881934895216
3.585209449633901,0.5088640290992767
3.928816500330573,4.193105607263144
-0.24574306408594432,-0.2727235697476705
-1.0372461543264564,-0.1903386780836082
-0.9194242342338032,1.5499344050175394
0.6427227598675439,1.3291525301324314
3.9920188479927994,2.9739651573324197
-0.6997255079925856,0.213979910734222
2.955885997885807,3.337207093927706
2.319187184691155,4.614321694668872
0.43693816974634986,1.1906462747863413
4.29994190194205,1.883689391563412
-1.9187712152990415,-0.026513875449216878
2.856450167682538,4.529960817581161
-1.0708924980611123,0.4824724152431853
0.9697124772536703,3.213995778119889
0.8231705839619146,0.07331796718840389
2.470628491817928,2.1473297141564656
0.055724912288694604,1.0941915184709485
3.872105472606863,3.889159195667929
-0.6237689606958051,1.9140313538667861
4.151521991339505,2.3623143295751836
5.304348109786743,3.309096208272701
3.180946064333382,2.703974143196511
3.8384838434616912,3.2045985898609706
3.411637040794665,3.1299889701178722
3.5858930062933303,1.280699627252465
3.1459592890589763,2.926398227103099
0.9843223984765838,-0.21398884422550896
3.8676492929914215,1.399973492348376
4.451449277058087,3.1334929796319484
4.539111787420269,3.4242357134645403
1.2004139079444254,-0.6568942789713957
2.8646376111743708,2.3103333409096387
0.7109599682034915,0.44426331148603976
1.9821262533191906,3.1429707991933906
3.3318561814152106,3.027909422302873
0.25602973431387566,0.9826909839455139
3.2539375118700513,2.6567534046838084
3.481291243554103,3.111481546911114
0.33231401197959165,-0.7484865365565536
3.129491901409971,2.0944329808213578
0.6385924587773739,-1.6615200622689599
0.4967141530112327,-0.13826430117118466
1.4205042479898549,-0.5707462937494763
3.88632331781156,3.2955287790138783
1.0318445394686349,-1.485560373036972
-0.637739984251316,-0.5309969550018176
-0.06267909727317188,0.9551423205012383
0.0438114719791096,-0.14700200162848862
-0.600638689918805,-0.2916937497932768
-0.26888869055483056,-1.1065259087416703
4.26608027838469,4.726933223884307
4.56020990749888,6.259660038911077
-1.0128311203344238,0.3142473325952739
3.6600182258527876,4.001782736167545
4.3868873900973,3.079238206318947
-0.7128457826771644,0.10643022769189683
4.268207216631737,3.715396505456288
0.7524951572747653,3.0002698238483694
0.8700677306887542,0.49568188797260465
0.3686733088729012,-0.3933388123273607
-0.6013676439512137,0.31978193414253697
0.6779258713392691,-0.48791140814570266
-0.718444221252436,-0.21344715171184725
0.9356783931474612,1.2715550949941588
3.313103841838015,1.8695267562848599
3.1919657158142587,4.2796605322693395
-1.0623037137261049,0.4735924306351816
-0.5893647569442115,0.8496020970210246
0.326133022242118,-1.251113576385303
2.161394200276751,4.192918623031611
3.4685608296252237,2.6515713658091853
-0.6492775450660071,-1.2239402667622565
3.6058944531152344,4.084412980472484
-0.483186462299374,1.5739867632900328
0.36163602504763415,-0.6451197546051243
2.23983523482742,2.8836385919605227
3.851448207541583,4.570150238316428
1.9776408137821089,4.612688374989926
-1.1105758454658288,1.7522704434236227
0.632407739055521,0.9725544496267299
3.3724508796224657,5.011154930247347
4.236843897092434,3.2186724428817866
3.6897061676103955,2.838017822203391
2.2704504055475834,3.9966992232365217
0.6818914896263114,1.8467073257360336
2.048824309948441,3.4879110521539456
-0.16128571166600914,0.4040508568145384
4.559936384046622,4.117005949576697
-1.3202332070206422,1.8314587658543537
0.24075317948856828,2.601683114180395
5.062888768508198,3.226006918170696
4.374517074132522,2.850234773151733
-0.07049877805909122,0.4865016438262019
4.183569323200477,2.1340442887994655
0.25972250172148187,-0.9043166251044086
-0.6127886904843862,-0.38770155993598415
0.5583269125217224,0.0760053914124115
-0.01851313599238993,-0.2886586389201383
-1.7033824393551547,-0.05554769889661878
4.7002617497388295,3.036838637914601
2.2988981236192503,-0.36283856043965906
-0.5462444482524828,0.3918040054025465
3.368527404328332,4.326047171441506
3.2211166058492435,4.345157971184322
1.613711269058647,0.45353430151397983
-0.2453881160028705,-0.7537361643574896
1.3466570801287556,4.597152711753695
5.016394055253572,4.102118320392483
0.3436182895684614,-1.763040155362734
-0.6231405264247644,-0.5554771191602547
1.6324113039316352,-1.4301413779606327
1.4158870605014116,5.224696649761109
3.9098186569285125,3.2587423453814575
1.2065089665083568,-0.8169356709872361
-0.11564828238824053,-0.3011036955892888
-1.4026052717996935,1.7495767431869393
0.173180925851182,0.3853173797288368
-0.898414671348358,0.4919191715065057
2.8242919208383883,3.5341524174880248
3.419400250703239,2.666943942999241
2.805286868910942,3.090717561886896
-0.949398888831943,2.632382064837391
4.011202599524981,4.873658545162957
0.01843393306539316,0.34758170536167105
0.024510174258942714,0.49799829124544975
3.4014118677157383,3.5188496229448476
4.67972520836071,3.694107630953358
2.3060749936009444,3.642943094763707
6.144343347017035,1.9970296716048468
1.1965715016644913,-0.15852957302697002
2.714013967365018,2.118955396846225
0.5009171876243808,-0.977555244798551
0.57707212718054,-0.2030453860429927
0.24496657110872277,-0.5069431753711298
0.8406435489887241,-0.6526239793023909
3.9818660617184913,4.0472647973779665
2.3300831642897117,0.6277377867183507
0.8356921120651418,-1.129706854657618
0.045571839903813784,-0.6516003476058171
1.185704154662997,0.7189533106650667
1.9140166877620417,1.620075614860955
0.09699596499271819,0.5951570254369136
1.8924401356310259,2.737275221433786
2.9835703561124283,3.303533416571903
3.749308595641729,4.5450884740847535
4.256788679986982,4.112468794013602
2.2967991446108558,2.457955587756897
3.323225836884218,1.9513817011362533
0.5470973811700379,-0.20219265243389406
4.238810480887503,4.115367484013054
3.034194430881837,3.3491622884333045
3.5980675395389445,4.795871781863014
-0.10703035995455783,-1.035242322419374
0.812525822394198,1.356240028570823
4.721033695525353,4.082097703468616
4.318777643754861,5.037931918412553
-0.5449190868089497,0.39913611435207086
3.640886246911204,1.7315606344371484
4.415390275560162,2.950459725404465
0.3577873603482833,0.5607845263682344
2.9710222919359848,2.4434423572397472
-1.5929937335316693,0.440474737960399
-0.9393353938187543,-0.14408755572161547
-0.3649527295428853,-0.8392096673390064
3.8240570282215605,2.3523086101843327
3.168691616816677,2.8877632654922496
3.7577525401427505,2.2582394245183757
2.061503576636398,1.2083662305931424
3.7131966282376894,2.748030668261181
3.4260524343916074,3.0483405238403773
5.912615421612916,4.2846042878980235
-0.48943944251822213,1.044160877069072
1.1492733262856758,-0.7031764251258874
-0.23894804686640975,-0.9075636620415979
2.8756546102867757,3.3154746423441503
0.6454841811410754,2.16325472330546
0.04852162794482699,-0.8309501164110378
0.742095372009307,0.2992925804064919
4.348430882205284,1.2531106660153948
0.5436001545944323,-0.37061433208610595
4.737438134684139,3.04269834491321
-2.0674421000398766,-0.08912003951278841
-0.6518361078021592,0.047398671316414016
-0.3152692446403456,0.7589692204932674
-1.5506634310661327,0.06856297480602733
-0.45006547147924364,0.6228499323474987
4.964177238752438,4.496858773465808
-0.38817681854122876,0.1704162223754877
-0.3216350512173826,2.076747983560841
1.9291238479315007,2.3732325310901947
-0.4523063192490767,-2.4238793266289567
0.08704706823817121,-0.2990073504658674
5.30930634973311,3.2819541046076264
0.9980101098596522,-2.8962553781936893
-0.025554070991445278,1.1727290192593647
3.0211625439915957,2.6372242359568796
3.026160652929084,3.4855477291217207
-0.47917423784528995,-0.18565897666381712
3.794224129013494,3.265592199683678
4.395355430762599,2.8684222708346687
3.406363811260829,4.82579664754219
5.078118057562184,4.485449685615219
4.487334516589102,3.424048976357477
-0.4455025214007718,1.453384477117701
2.076042847549855,3.233347670765585
-0.2176812032272203,1.09877685198719
2.3951372069374797,3.720541427013867
-0.9758732529773327,1.0536417966078395
2.9024898053083583,4.922369861698508
1.0302834540318422,0.23878915902651351
3.008846252857895,3.215124506630329
3.087002177856566,2.573301691152689
-0.7355299425897666,1.2360931752104374
-1.141689114133505,-0.19365945927971812
0.6327818661062848,2.270692857804396
3.4667700093555394,3.2918831427274604
3.011150578213726,2.380382566710989
2.8932997052347034,3.7112836922794727
3.2060330523358176,3.428400748141933
0.8723206367206782,0.18334200573835174
5.718780233448134,3.3409547895999485
-0.01901620790268883,-1.0025293646378088
4.369156064389273,4.387290837266742
0.22745993460412942,1.307142754282428
5.232514999485092,5.731300146192632
4.325098264667635,2.6328697842891
1.2897527540827456,0.6731813512699584
0.05963036992017413,-0.6469367777055739
3.1713815242510153,4.103187431082343
-1.8362053731032966,0.5079913269125437
3.6686546719667277,3.941940649569409
-0.2573765374233451,-1.6685840738775894
3.788693629279857,3.7603218387712207
3.938475738809727,3.51961665769399
3.2412039373328976,5.098647170504717
1.5421099525678756,2.006092888159123
1.7275431701007113,0.4363236696740321
0.9495541354413237,-1.4848979684499035
5.562524919243145,2.432467085745727
3.500527958856597,4.101206748929115
2.377455193755586,2.5824971789857365
1.592192442122609,2.6396149892204983
0.20838280794755248,-2.0417348684242906
0.17770100093325383,-1.3353443587101013
2.919946758629957,3.739404500535377
0.26739231407190295,0.3216978061960136
0.19808476076785494,-0.14436041192394247
-0.8254971967925115,-0.32138584165299344
0.18102155870370695,-1.2968319479558466
2.730003933802543,2.2038833357501053
5.492515353168118,2.733343412216652
-1.2257656630023412,-1.4643748802098202
2.5362410737893892,2.542849085104957
2.2608929243460993,2.03247473424756
-0.0771017094141042,0.3411519748166439
-1.2899608997410539,-1.295078772063616
-1.1227220215622986,0.3824097461840506
1.3173940656343257,0.19759960469239965
-0.6465728842425266,-1.081548003614395
-0.007972641316617372,1.4799441388900259
-0.9913923494563072,-2.153390113603715
0.5193465142411723,1.5327389130025777
2.9533199154127345,3.228344889673947
2.0752608726252655,-0.6891878180895679
2.7782624466627466,3.676820872139398
-0.037634702424848364,1.1033018820165215
3.520886488295962,3.7307009057186833
-0.26940683444455776,0.7175422557959623
5.238899663797579,4.478858050781795
1.8657745111447566,0.4738329209117875
3.6018562952619866,5.049020151495188
-0.2234627853258509,0.714000494092092
-0.5711789897827968,0.5725827813561586
1.5795721457307124,-0.5228600271532683
1.0240625258114624,0.5925269492011831
4.350897962167972,3.362628211600603
5.5740826697499735,2.5806154084135766
-2.4716445001272893,-0.7968952554704768
3.4744256878080058,1.7309240951108817
2.782081109252398,3.2694753748197494
0.7276295436369798,0.05194588580729943
-0.2549772174208553,1.5039929885826886
1.0757597397270584,4.384045396361049
4.5964692338108835,2.874322712503788
3.1869419694768455,3.499291405423354
-1.448013900416244,-2.198805956620082
-0.3486521344078592,-0.3492577043184288
2.8952553354617874,1.2944339429009308
3.371462488561069,1.618150954502361
0.99626681944714,-0.4937565831613125
1.593186626639397,-0.5112156764311852
0.40825275571447184,-1.7025836042378404
-0.5642475986573886,0.18455130319703697
1.5007597906343109,0.8502217421134929
-1.0016200098949155,-0.2811002928859549
3.700569197230943,4.648637349428715
3.454487754698758,3.0757636666019565
1.0584244868495878,-1.7587394864231143
2.8248217250256182,3.355481329284482
-0.033126972873797095,1.7945578635177877
0.5931012579683838,-0.3095464393139903
-0.17262729994081963,0.8836599374866724
-0.11122606134870032,-0.9039076414647897
0.19584525509768155,-0.978372777615032
0.24196227156603412,-1.913280244657798
-1.7787202489042786,1.496044311489183
0.09933230542922587,0.751387123371789
3.833859966568535,4.9313667818311835
2.1439440893253257,0.6339190223180112
4.496570510579447,3.033504620771802
0.12522450264790727,-0.429405541125253
3.457176618688425,3.5580227348083953
0.22391413406466143,1.3641404299738442
0.09707754934804039,0.9686449905328892
-0.17495975669540864,-0.7557451594928447
0.11422764866203965,0.1503017614618776
-0.06607979864731657,-1.2110161997624567
-0.7632591565425169,-1.804882100664519
1.623447293958126,4.119711445966137
4.215381315441244,4.218185725707935
2.5733598032498604,0.05921843401448826
1.7269638512334051,-0.39963618561460235
2.265651128120078,2.9075357408471056
2.791593233089537,1.9862856073871729
-0.6373871273065177,1.1890165311075518
4.919603004513637,2.899576434261295
3.208188731084456,1.936809191303343
-0.5172884501003722,1.40934744018558
1.5307508323436974,1.2187618516973167
-0.5176112990361714,0.2237879516388985
4.9926885689595215,3.228876398957431
0.6585442726728304,2.0102045387663496
-0.8181988834223072,-0.0033744574109520514
3.4807396202656053,3.237109170791732
3.8476764835383364,3.0127714358864477
2.991859802352689,3.3522196811825284
1.1631637521549596,0.010233061019587049
3.966670981966081,5.02100622715938
-0.26987493529337125,-0.9787637157823074
1.9462412339839357,4.317889658025028
-1.9937356425714554,0.37405656984757213
3.2125524805996446,3.7873289044030094
2.060747924881987,1.7553408424432044
2.8459243168725763,1.669367103143543
2.3146585666735087,-1.867265192591748
-0.3427145165267695,-0.8022772692216189
3.3967452398509526,1.8568111888458327
3.2702003694248063,2.648593565739686
3.795624488747095,1.9833574505792089
3.8350580290841174,3.816155957182778
4.155900776529761,3.6947361947187747
-0.7563507452843033,-1.4222537095976742
0.08658978747289992,-0.15567723539207948
-0.2489641484790735,0.9715709509543554
0.0570131248970845,0.26859227886325693
2.1531824575115563,-0.7673475628880495
-0.926930471578083,-0.05952535606180008
3.0636141094734315,3.3903901960741694
-0.8392175232226385,-0.3092123758512146
-1.7249178325130328,-0.5622875292409727
4.13472146856177,4.609699841956223
1.328194141849058,0.5562300094006599
3.2706092559319724,3.4565230501861377
-0.19236096478112252,0.30154734233361247
-0.759132661553698,0.15039378647620763
-1.1875984190295128,0.3098207102270275
-0.5503051538454201,-0.6716233679380516
4.3481742126666685,2.267476685231491
0.32135721545027307,0.42192075423528475
5.238851351853331,3.1787572338820884
1.8165618077790497,2.6941299335038114
0.1335409047822823,-0.1524698363805439
3.909762795959497,2.6389120898264293
-0.13845598398377382,-1.2242982362893657
1.7359638031652493,0.1979107834626478
3.108241850956178,2.5775898155014976
1.8489560949453452,1.1265650295477574
0.3384964074944141,-0.4152879139008013
3.741321934916781,2.348985916380493
2.3942953315140643,3.2850789697112646
3.383770956878042,3.7147131831705265
2.1898029332176723,-0.8082982853551515
0.9633761292443218,0.4127809269364983
-0.24123605785632987,0.3520553965142968
4.232492102779802,3.7887236628250234
3.8672873134013406,5.338183676795122
-0.8084936028931876,-0.5017570435845365
4.371297297457244,2.1540203197532515
4.179373282956504,2.351205964841344
3.0339634981317576,1.9052969327332046
-0.5574917850078336,-1.3698029795790778
3.3673662536174263,2.5254706953293584
-0.6248185776956788,0.026091050210833786
-0.7728252145375718,-0.23681860674000887
-0.8353470532597573,2.1451491277733883
1.6793966994514828,3.770057358391422
3.9998641237403714,2.1006938251980585
-0.015309849172995557,0.5792914996010884
-0.15800789857898942,-0.42688106994742003
4.159245668432405,4.437570137626558
3.2751440181919214,2.8499974191765403
0.42961821913258585,0.20768768716311115
2.5480815399777645,3.5774805185188625
0.056649924897107164,0.5296927543567308
3.9736320768114544,2.5736188700184615
-1.3471262895296965,-0.9716140385106515
-1.2002964070557762,-0.3345012358409484
0.5697672802322039,0.44770856001731496
3.256616020624982,3.2001618037251194
3.8437878815498854,3.451347648429549
-0.4593608995402441,-0.8498443694647918
2.2434931057207437,4.313205186747977
1.1581108735000678,0.7916626939629359
4.4648516330974575,5.115582823548232
3.9822489526806573,2.262337577672702
0.7533416211045325,0.38115838488277776
-0.016422896072752075,1.188393273448084
3.6263795795464118,5.438928999058285
4.1220699903060485,4.82893331953541
0.7116148780888898,-1.1246420918378692
3.82674476460232,3.8004743596108286
0.36139560550841393,1.5380365664659692
-0.03275327021599839,-0.543424771133765
-0.9896048202585809,-0.12578692009964815
-2.553921134901955,0.9343199112392737
4.086693801475275,3.0250963433774753
-0.5816809139486437,-1.0147567306928669
4.453136633913245,3.787124165201824
0.39445214237829684,-0.42098448082026296
3.3955507814625285,3.3311782768099896
3.1648622188285485,3.8423378344896215
-0.1852876588777083,-0.12982069973342616
0.6523228784134196,-1.5763921569842494
0.4940301862827388,0.2606737658239071
4.219757942148182,2.2067270421288363
1.1894704889246406,-1.2276078151369925
3.6598563919974003,2.4723248590740416
5.173452090298537,4.8404610517903475
1.642015160136369,1.0098170893426341
1.1428228145150205,0.7519330326867741
3.5224658928120465,4.04711911517521
3.9664299824335263,3.4643585177025162
1.0495527153193351,-0.535235211560568
1.0786808334312956,-0.03850846950070721
2.563493625210404,2.8322204435311136
-0.7539645888666763,-0.28067507686677406
5.524309623286852,2.1368259954071895
3.5327969954115863,2.7415046652999306
-0.8182206832334725,2.0923872756854602
1.246085192497629,-2.0733902324081495
4.376046792529794,4.972670675750982
2.369796275326076,5.911676675578422
0.4400144500533324,-0.5020542243526112
0.09767609854883172,-0.7730097838554665
-0.04946370965243295,0.6748194921666038
0.41343490322370086,1.876795812558066
0.6127739050625697,-1.0534155631736561
3.048841141591001,4.05174079991092
3.783287871546142,3.241095026295923
2.964664912983777,3.8584536182096203
2.4674760964724607,3.897927049946809
0.5839281853259639,-0.35929209078705954
3.2735211080984734,3.867365506816178
4.095029465835565,2.9425769468916787
5.462587190530795,3.503695671847847
1.301741289398798,1.5615111967268527
4.0107920885275945,4.530580585624057
3.468941067129098,2.5903165830181663
-0.1087601484568576,0.40171172209894146
5.139964529371393,4.2421274910718925
2.6724097793512804,3.5861438830463745
2.7367138958214183,3.537937835447602
2.5041846052097707,4.151136241823657
3.298508466052482,3.493478684770542
-0.0036025390905684044,-1.1583646891925428
4.3901984111247865,4.535249334723753
3.165224667893459,3.0963515367580032
0.08228398927542419,1.0654803750653512
0.7716987106483447,-2.8485426206300755
4.735782191822154,2.428946320350951
0.538296079049633,1.0725073373098022
3.9692675898085263,1.9644278767928942
2.403415585238275,-0.05761879703358539
-0.3357846992901282,1.669021525289393
2.873282775410035,4.362393472382759
-0.7184072655691974,0.8949243769444413
3.2314693520941677,2.6088077745847125
0.6543656563540577,-0.05558467091045507
1.5792128155073915,0.7674347291529088
0.7216720640432351,-1.1290517712172292
3.8525049683568797,2.9296486335863197
5.112220628255424,4.396839315865532
1.2669111491866227,-0.7076694656187807
4.244191971499937,3.318775826781897
3.9367385517335096,3.9042947549616978
2.3063631682435197,4.419154173610002
1.6871416350725648,0.8816397569494505
4.723083067095325,3.241145599630168
-0.6017066122293969,1.8522781845089378
-0.15178509503558332,0.5883172064845765
-1.6924646297148194,1.5295503194606137
0.34175597577715944,1.8761708392158862
0.44381942814622843,0.7746340534293368
3.9577728661518856,5.174492433347537
2.842165446147863,4.354525227066616
3.9820667273353862,3.8687331473175197
4.311396554491592,2.3517367112473817
3.0885733928839976,4.653900734255747
1.9688924974442779,4.014254756017835
3.2210370696681916,3.2202398315041654
-1.006017381499702,-1.2141886127877322
4.763706677654668,2.6536840225342644
2.8707366063072115,5.0337277099165
-0.0821511783925688,1.1172958315881276
-1.5839028234857233,0.7604146561442974
4.198828420202535,3.9209729443893897
0.9817654869915943,-0.32483138350862245
-0.44004448669698376,0.13074057728609134
2.486104047707462,3.585687161403359
0.9190764829877686,-0.29027454418865134
-1.6929568141953855,-0.09833962679474989
4.624112719986013,4.447526462122858
0.3376026620752022,-0.4118769661224674
1.2130976999791834,0.14171691363990474
4.208214423256557,3.7332161312635015
2.610759171771676,4.455300558237753
0.6218099622171964,-1.5702247198904564
3.7653623493996284,2.917241342388418
0.35701548596504734,-0.6929095952606542
2.5269324258736217,-0.5308687729203206
2.652366071380915,2.8479111114069395
4.166312500909212,3.962591292853951
-1.389572466763596,-1.6453987469568918
3.5599326302663283,3.777376937958192
3.543514668643466,4.058139514518507
4.293488720552213,1.7514680267618192
2.1573082132655035,-0.6057149230033384
-1.2946814757209058,1.1608267873785194
0.3840654489393073,-0.03269474809409311
2.4934574347203586,4.639878561129045
0.5365098435704035,-0.8984679817910373
-0.07201012158033385,1.0035328978920242
-1.2803043986708944,0.8724573282801447
-0.5297602037670388,0.5132674331133561
2.5993792653521313,4.138391925608383
4.060919447941239,3.2045196819708397
4.600959634998571,5.458347454220593
5.332557043479202,4.314151762118266
4.097228218253385,2.5516519957757993
0.36659824609684827,-0.9398797863273552
2.8875626253595623,3.8615035252061016
3.591752484448373,3.7522403964266773
4.8171150673398655,3.381931473008921
5.115375689469442,3.17767953078866
2.4410924129433997,4.9816634024625985
-1.8707919210258557,-0.35151348404130867
4.860658595838651,2.191179600880888
-0.6769220003059587,0.6116762888408679
0.6241198170521551,0.6283455092642799
-0.9905363251306883,-0.5662977296027719
3.0467515909769864,4.952467534470745
-0.8036745679697308,1.6391168054440675
1.073631749859772,-1.0265152994110602
-0.5302576183724408,-0.7928728322623442
0.9504238381860503,-0.5769036556624031
3.936559804157668,4.403934841086195
2.6695555934434347,4.022514105265757
2.2004187630724026,4.329732417879175
3.070755579701338,4.08855326977072
4.585786324939347,3.5979831534708953
0.028318376130461172,0.02975613949574519
2.853772690156197,5.275310892609512
3.6906355912650244,4.4413105807674835
5.487061111699441,2.9690291021880357
-0.7050118557584089,-0.05576907765770601
2.427860988014393,0.5786495165053926
3.6226703159947955,5.12467845846956
0.49097495163825133,0.7348777860498175
-0.2646568332379561,2.720169166589619
0.22445181855997204,1.0470983026121545
3.4451059993837134,3.785554074857657
3.6838345163225044,6.193033663980497
1.5655240292343404,-0.0657502610729878
-0.6506425691218269,-0.48712538376469605
3.180152476745156,3.6517579922487404
-0.013497224737933921,-1.0577109289559004
0.11351734525124804,0.6621306745210467
0.06752820468792384,-1.4247481862134568
1.9952796259689978,4.260055963689602
3.336933036056236,2.755097355193551
2.6754858384723263,2.8914102767602996
0.9960476858058164,-0.7567950885694608
3.200323351993213,3.4497953829582553
-1.6074832345612275,0.1846338585323042
0.17989415115347845,1.3920022863445993
1.2012139221639448,-0.4080753730215514
3.694384301577336,3.1468337071893115
0.7081086766885905,0.9567023167945841
3.4734787407509398,2.618125348772282
3.6950249840281266,2.74171793111241
1.0375399442578992,-0.510016398854747
-0.773789199103573,-1.244654703311417
0.5765569630557664,0.3112501545435361
0.2029230208512997,-1.515744114997232
0.7858001586508322,0.42545756178496474
3.3926978559957712,3.9477169258102776
-0.6626237589458467,0.5705986685931593
-0.025026958745143917,0.8177662992002871
3.0499871420041864,4.757149216862572
0.4804878441791747,3.683849544753695
-0.08973569428722672,1.4401172154494728
-0.12791759148076653,-0.9555404406004258
3.566990717224872,4.0159392177041
3.892415967178767,2.9910363742925012
1.8861859012105302,0.17457781283183896
2.904338705956508,4.874438093170817
3.0736424037944565,4.648445709196755
-0.7925207384327007,-0.11473644146689901
3.035382702701607,3.7011596558728392
-0.5767713305683327,0.755391225825756
3.1907909229501366,2.747843594409417
0.6982233136135899,0.3934853854217496
2.1316849611671893,5.487275999230808
-0.4432822511915103,-0.8848027140269009
3.803818595604876,4.221562505126143
1.2557561255735208,-0.8946073022195039
-0.883857436201133,0.1537251059455279
-0.39210815313215763,-1.4635149481321186
-0.7303666317171367,0.21645858958197486
2.6815713340579985,5.0323677246781156
2.319329539981694,0.39331783939437187
-0.6115178029919482,-1.4066610968482223
-1.243863235391285,-0.6929051977959073
2.4914453159237917,1.537374308327421
3.9763577693562193,4.005470159166627
-0.1671217137864115,0.28257995048829965
4.170480617241212,2.4281427669598443
-0.22096417382966393,0.02688583899453078
1.0291556373256436,0.472597482413043
3.2829829495756297,3.19151721154418
3.675211418908512,6.48525900260341
4.7657078408647005,2.633825151785499
0.2897748568964129,2.075400798645439
0.33126343140356396,0.9755451271223592
3.8278211728430853,4.42427013953783
5.670942717497814,3.3241141875676634
3.6647608412365167,3.550887701856018
1.2881380886704932,5.0334337012963255
2.5781401868746867,2.4960426279185013
1.7654542402810969,0.40498171096095553
4.38233306232341,3.0479096671669197
2.056207129940322,-1.1032083657216831
3.9037300903366097,3.4758043936090837
4.048883835317365,3.2450442064463023
0.9261775475316414,1.9094166404701305
-0.47193186578943347,1.088950596967366
-0.5138669173366935,-1.0592135218889516
2.180752805401233,3.2970193626043427
-0.019637798926681216,0.5524899544171478
0.25049285034587654,0.3464482094969757
3.5953441994413082,3.2365517839177507
3.9086073077017676,3.192191528861116
3.127793223928947,4.588748619704186
4.1215718898560505,3.130389663956366
4.413584626233249,2.696821049319655
5.0134497432421306,4.130811684554778
0.8128621188389601,0.6296288419236122
3.476447849125762,3.3256457420971643
3.0569559788715175,3.0205070326007566
-1.3598561409799192,0.7462535660272207
0.3088330125989638,1.702214944635238
-1.344450511034277,-0.9186519464841982
1.3643257860213045,6.637748533659994
3.798752908365686,2.7482089499048157
2.4996686753944255,2.8222550294751487
2.712216248091761,2.879152401748884
3.0929636870732193,4.186318456956701
3.6132704105377647,2.061722021682633
0.8957861433728658,3.6989481467964946
4.340620026504553,4.046733568201379
1.066674689589154,1.1692955904456728
-0.9232332461109043,-1.3516846056163336
0.03408346825922607,-0.7699732310586418
3.762561329001925,3.6935899113675443
4.572978047766012,5.863872494619361
2.5838080845187577,2.6681777917695553
0.24938368371075526,1.5774532797634744
-0.2949496782920278,1.2477420726737338
3.5070631586281764,2.839678860526553
0.8294055811834892,-2.211135309007885
2.21283643141575,2.1028818148870085
2.356273792679338,3.608559705776523
1.5298961822881645,4.392597338299309
2.154129076526785,2.680742140278502
0.5689830791852754,1.628396623128538
1.5033983017671506,0.8773622905756714
0.924027019206901,-0.18490213644298903
0.19109906801990334,0.04643654815614881
0.06447441481012024,-1.9754665663538713
-0.4710383056183228,0.2320499373576363
3.3832340842047532,2.8644421585955966
1.261768766675028,1.3792998473649338
-0.15005558703252672,0.12557645347154225
0.1664522082130561,0.4924512640081491
-0.5805234498047227,0.5885784044206096
5.249583904205421,4.881454078690487
3.575433638901593,1.8980341881028315
0.010352619843380607,-1.3118362323501596
6.449094425308726,4.744679580736786
1.1370675644581616,2.4902692952900622
1.7269675317931186,4.761921500713992
3.760442263333556,2.961158143807262
3.9183982208886836,4.90159859294643
2.7075800790000386,3.1920384703609597
-1.377669367957091,-0.9378250399151228
-1.8408742313316453,-1.2795769667357015
0.7967677070007628,4.177875319530908
1.0225704320096403,2.439752406339273
2.4272569742601933,3.7392468641111494
-1.594427658794367,-0.5993750229537729
0.6819529712949639,-0.31026675659345604
-0.8222203955664315,0.2436872114919123
2.484178181021603,3.561679849847972
1.4412732890661155,-1.4358621511794394
3.4173193141573006,3.3782524916167165
3.4724850949493637,5.272251596669744
4.204506539824723,4.289056687375519
3.7253079220409417,3.1304730711666413
-1.5151910621985523,1.3668742674445247
4.098794389561911,4.168340488718081
2.9646718140460773,3.4094667176958393
-0.8323555731042287,0.4714155563864041
1.8451125637717039,2.5399537047205363
4.072057441714144,3.437808983000689
-0.20902325728602528,-0.8505204542093001
1.4511436077950417,0.9592708260852069
3.3195200864093746,6.69310756784486
1.1950466289248425,-1.5231869047837747
5.112278257988645,4.814914453584048
-1.0810565404082624,1.0531528533329035
3.1160287280476484,3.7502002062516944
4.079633173213575,3.8257963165821662
4.195537757565777,4.349102110743144
4.617398815902461,4.948499229892926
3.520793707675408,2.7719970587708653
-2.081929407883722,1.6964563682900382
1.8923389728819413,3.6847405788957244
1.8990960215234844,2.671502975219754
0.17086543812794186,-0.18398333635267913
3.8868085206892027,4.5909804251859665
0.28099186773503265,-0.6226995198205938
-0.5756378262377739,0.12200981464536144
4.179142775438195,3.1979545005101357
0.9154021177020741,0.32875110965968446
1.5475052013300616,1.7958776730955217
0.5049872789804571,0.8657551941701215
2.551083479175163,5.247363197915558
5.454157433750286,2.9942532957380634
1.5505004928140769,-0.998354040738791
3.5012054753622244,2.6829113689318094
0.7783610761666377,-0.5511857163285334
1.5945050632249722,-0.8469613483183278
0.2088635950047554,-1.9596701238797756
3.716775563762629,2.402697472367156
2.877350638265548,3.6946074552372425
-0.19068240076334658,0.21743287317972287
-0.0349884904969617,1.77080063563551
1.696860323744055,1.9158640569945102
-0.5443827245251827,0.11092258970986608
1.5877450245802232,3.4313659539145314
-0.6255627015095294,0.39580353343740904
5.926716486345523,3.932959825360696
1.9374541431134573,2.9709473226537053
3.4511028165258946,2.094810153196425
-0.20812225035727522,-0.4930009346588328
0.6963874474567153,0.9553052085705107
4.140479795200823,3.3094968940021885
-0.29756350335999193,1.3757068133116195
1.5284684264125317,0.5078357562896237
-0.07443342910004629,0.620672097550678
4.093556722280862,0.5596113653357198
3.023779126455341,4.374389180712727
0.324083969394795,-0.38508228041631654
2.8941391792411064,5.2193779062072965
1.4469778843537329,0.19655477651157463
0.597400069849858,0.7011727423108983
4.021122428379338,4.145215585950057
-0.46341769281246226,-0.46572975357025687
2.6891424887896616,2.2424221410853837
-1.366878698415421,-0.22476540189268354
4.30712259663731,2.5264538002955312
4.475816719344709,4.418454443942414
-0.42018681709585726,-0.2817846088605072
-4.819966936167611,-2.4630088134024075
-2.1787969407380796,5.031060410774744
6.401941435616417,-2.190491489946286
0.9105026733770812,8.491951831955731
8.962967159379929,0.3720960579577435
8.031310825472579,8.918145706228778
0.4543031695727673,0.6285776780217219
0.10987482271406124,-6.188693163627664
2.3714814548719194,-8.238101234023269
4.717587608417478,10.95464256998723
10.002095354164894,4.097919030582238
100.79288982456023,-2.6006986715756417
2.400373927849146,82.70448442993381
20.800646060611513,21.66529262344548
-209.97332611795494,1.821064835714317
