IMDB_Rating,US_Gross
6.1,146083.0
6.9,10876.0
6.8,203134.0
,373615.0
3.4,1009819.0
,24551.0
7.7,44705.0
3.8,6026908.0
5.8,1641825.0
7.0,20400000.0
7.0,37600000.0
7.5,37402877.0
8.4,13129846.0
,29548291.0
6.8,5228617.0
,3000000.0
7.0,2000000.0
6.1,5000000.0
2.5,80000000.0
8.9,0.0
8.1,57141459.0
7.0,0.0
5.6,34175000.0
6.3,18435.0
8.4,56700000.0
,28200000.0
,8000000.0
6.9,72544.0
7.1,985341.0
,0.0
5.7,167780960.0
3.2,11744960.0
6.0,75828.0
7.7,2300000.0
6.4,4301000.0
7.0,42488161.0
7.1,52700832.0
7.4,84689.0
6.8,10000000.0
5.4,6734844.0
4.9,999811.0
7.6,54243125.0
4.6,20257000.0
6.6,72217396.0
5.6,108360063.0
,12947763.0
5.7,64359.0
7.1,8000000.0
6.7,0.0
7.3,669276.0
5.9,7900000.0
,4000000.0
3.2,36299670.0
7.4,274299.0
7.6,115000000.0
3.7,4000000.0
6.8,60022813.0
8.2,38251425.0
6.1,9598.0
5.8,24103594.0
8.4,18600000.0
8.6,78800000.0
6.2,53208180.0
6.4,0.0
5.1,23616.0
5.6,15200000.0
4.4,8158.0
5.6,42000000.0
5.7,0.0
8.1,20000000.0
5.4,800000.0
7.3,63658910.0
,3127472.0
5.0,16581575.0
7.7,4496583.0
6.9,12671300.0
8.4,210609762.0
7.5,118450002.0
7.1,87666629.0
8.2,102308900.0
6.6,65647413.0
6.4,8801940.0
,5000000.0
3.3,773490.0
5.7,10751126.0
8.2,9000000.0
8.2,73000000.0
5.8,31559560.0
8.0,5274005.0
3.4,171340294.0
8.2,23600000.0
,909000.0
3.2,4655.0
5.0,8800000.0
,0.0
4.8,4357406.0
7.3,234760478.0
6.1,153665036.0
5.0,42586861.0
5.6,35841901.0
6.1,0.0
7.2,114968774.0
8.4,11000000.0
7.8,56190094.0
,1660865.0
4.3,2000000.0
6.8,16118077.0
4.9,887000.0
6.2,1610194.0
8.3,32656328.0
6.2,11806119.0
7.9,57229890.0
7.1,13747234.0
7.3,1023424.0
6.7,2800000.0
7.1,9172000.0
7.4,3802260.0
6.3,527.0
7.1,
5.8,37537675.0
7.1,10000000.0
7.3,3500000.0
6.2,882290.0
7.6,0.0
5.9,70052444.0
8.4,33300000.0
7.2,70001698.0
6.7,2962051.0
4.1,45892212.0
7.2,407488.0
7.6,242623.0
7.2,71516617.0
6.4,10426506.0
6.4,82522790.0
5.8,70645997.0
6.3,8921050.0
8.4,75545647.0
4.4,0.0
8.0,9929135.0
7.8,119500000.0
6.3,609042.0
6.2,3500000.0
6.7,39916091.0
7.3,50800000.0
7.3,73326666.0
6.9,162831698.0
5.4,184031112.0
,0.0
7.6,251188924.0
5.3,14231669.0
7.0,1470856.0
5.7,9000000.0
6.4,15030.0
7.0,19000000.0
7.0,174682.0
7.3,39846344.0
7.3,79091969.0
6.8,122012656.0
7.4,25878153.0
8.0,22744718.0
6.0,3479302.0
6.3,25928721.0
7.1,0.0
7.8,166000000.0
5.8,60240295.0
4.6,49000.0
6.3,33244684.0
5.1,26904572.0
5.2,21226204.0
5.8,814666.0
7.3,57159946.0
8.0,19294144.0
8.0,17570324.0
5.0,4700000.0
,0.0
6.5,13024170.0
8.1,1647780.0
6.8,48000000.0
6.2,84049211.0
5.1,4134.0
6.5,92115211.0
3.4,32092.0
6.7,56598476.0
7.7,93589701.0
7.9,3073428.0
8.0,5969553.0
5.9,30000000.0
5.9,444354.0
4.5,35073978.0
6.9,52293000.0
5.1,85000000.0
4.6,81022333.0
6.8,38264085.0
5.4,26400000.0
6.3,6965361.0
4.9,1953732.0
,7033.0
8.0,925402.0
7.3,32653000.0
7.6,0.0
6.5,68856263.0
5.8,9700000.0
7.4,94596.0
6.5,174803506.0
7.3,673780.0
7.8,713413.0
6.5,20036244.0
5.4,14000000.0
7.3,62546695.0
7.2,91387195.0
5.8,1000000.0
,0.0
7.6,0.0
8.8,10462500.0
8.1,42438300.0
5.7,100328194.0
3.5,2000000.0
7.1,24911670.0
6.1,20278055.0
5.3,10017322.0
6.8,244465.0
5.9,4000000.0
6.6,59003384.0
8.8,5321508.0
8.1,4420000.0
6.0,70071.0
6.5,32051917.0
5.3,4372561.0
4.3,11487676.0
7.0,25532388.0
7.2,127175374.0
6.7,43800000.0
5.7,9579068.0
6.3,423.0
5.6,67163857.0
5.4,32908290.0
5.9,103738726.0
4.4,84733.0
7.4,5100000.0
6.6,113502246.0
6.0,58422650.0
3.8,210904.0
7.8,95860116.0
5.5,3700000.0
5.2,45000000.0
7.3,20766000.0
7.0,117323878.0
7.4,100012499.0
6.2,51364680.0
7.3,81350242.0
7.1,12592907.0
5.0,129319.0
6.6,22032635.0
6.4,21089146.0
4.7,
7.6,39387284.0
8.0,184208842.0
7.7,34700000.0
6.6,6600000.0
5.9,349618.0
4.7,29090445.0
7.0,34167219.0
4.5,5804262.0
5.4,82670733.0
7.0,39659.0
5.8,14000.0
6.1,
,0.0
7.6,16556.0
8.2,50000000.0
6.8,6000000.0
7.5,106593296.0
7.1,31899000.0
7.9,26004026.0
6.5,27447471.0
,7714996.0
5.8,58936.0
6.6,542909.0
8.0,111721000.0
7.6,2400000.0
7.9,5923044.0
7.6,11502976.0
5.6,673.0
8.0,53976987.0
8.1,5828466.0
6.2,15000000.0
6.8,9725847.0
8.4,26010864.0
6.8,22231658.0
,290271960.0
7.1,25244700.0
5.3,25426861.0
6.1,12300000.0
5.9,101295562.0
7.4,7000000.0
,18016290.0
7.9,435110554.0
4.7,1152117.0
3.5,25011000.0
7.1,5046118.0
6.0,7100000.0
6.6,11000000.0
6.8,156645693.0
6.8,13200000.0
5.4,31425.0
6.7,0.0
7.9,41158757.0
7.1,25728961.0
5.6,39754601.0
5.5,36690067.0
,32980880.0
,21930418.0
,19472057.0
4.6,19170001.0
3.9,14343976.0
4.1,15935068.0
8.2,4300000.0
8.0,3500000.0
6.6,4750000.0
5.5,21722776.0
5.7,2104439.0
6.6,11497497.0
7.6,141340178.0
7.8,183875760.0
7.9,30500000.0
,87264.0
6.4,302204.0
6.2,20388920.0
5.6,90463574.0
4.9,17192205.0
6.2,27107960.0
4.6,130531208.0
5.3,14471440.0
6.4,61308153.0
,181798.0
6.1,77070.0
6.4,1212799.0
7.8,83320000.0
,60507228.0
3.3,21378361.0
8.6,329694499.0
5.5,6730578.0
7.7,80500000.0
7.2,15000000.0
7.4,47212904.0
7.0,27467564.0
6.3,0.0
5.6,45785720.0
8.3,24567751.0
5.6,37361412.0
7.5,24800000.0
5.5,158340892.0
7.5,12600000.0
6.0,80000000.0
7.2,27092880.0
6.6,10514.0
5.6,105489203.0
6.7,14853474.0
6.8,54800000.0
6.5,623791.0
,1336.0
6.6,38564422.0
7.7,5732587.0
5.5,2335352.0
6.8,6100000.0
3.0,23894000.0
9.0,57300000.0
7.6,66520529.0
8.8,46743809.0
9.2,134966411.0
6.8,2637726.0
8.4,11744471.0
5.2,12604.0
6.9,217631306.0
6.8,238632124.0
4.9,4880941.0
7.2,106429941.0
4.9,20404841.0
8.0,26593580.0
6.1,51773.0
7.2,123922370.0
8.2,52767889.0
6.9,5363000.0
7.4,7800000.0
7.0,0.0
6.7,5691854.0
5.4,79817937.0
6.4,28835.0
7.9,51100000.0
8.2,70906973.0
7.0,148168459.0
7.5,1152411.0
6.1,41476097.0
6.3,15473333.0
,4068087.0
6.8,36000000.0
6.9,391942.0
6.9,72021008.0
7.6,10731997.0
,227241.0
8.2,198680470.0
6.5,2746453.0
5.3,7018525.0
6.0,19571091.0
7.9,
4.1,6000000.0
1.5,3700.0
6.9,6800000.0
7.0,14564000.0
6.4,19487173.0
3.8,13738574.0
7.2,5900000.0
7.9,0.0
8.3,8000000.0
6.5,31672000.0
4.4,33208099.0
4.9,25533818.0
3.8,14400000.0
5.6,17768757.0
,11642254.0
4.4,15126948.0
6.0,47000000.0
5.8,173585516.0
7.0,285761243.0
5.3,89134.0
3.6,121807.0
5.8,5142858.0
7.9,10161099.0
4.6,1183658.0
6.2,119654823.0
4.3,19438638.0
6.0,39360491.0
6.5,17985000.0
7.6,15700000.0
8.0,7768371.0
6.9,38623460.0
7.4,2816518.0
7.6,12299668.0
6.1,655538.0
7.6,120709866.0
7.0,12000000.0
5.8,26570048.0
6.9,1320043.0
8.1,7600000.0
3.4,10000000.0
5.3,17218916.0
6.5,3484331.0
5.6,2301777.0
5.4,23800000.0
6.4,34562222.0
4.1,16295774.0
6.5,31063038.0
2.2,162605.0
8.7,6600000.0
5.1,13075390.0
6.5,306169255.0
4.1,27682712.0
7.8,0.0
3.5,884.0
5.7,35627222.0
5.6,33598.0
6.1,836641.0
8.1,13000000.0
7.2,2883661.0
5.7,8864699.0
5.0,4884663.0
6.1,493905.0
,
6.9,15716828.0
5.1,79161.0
8.1,24379978.0
5.3,58617334.0
4.8,9812870.0
4.9,60592389.0
7.3,16067035.0
5.8,44342956.0
4.9,34687912.0
3.9,7555256.0
5.6,2461628.0
8.0,70405498.0
7.2,635305.0
5.5,3707583.0
6.4,100458310.0
5.3,22730924.0
7.9,7294.0
7.9,357067947.0
5.8,55000.0
8.3,260000000.0
5.6,102922376.0
2.6,15728335.0
5.6,3275443.0
5.5,14533681.0
6.7,7412216.0
6.7,25023424.0
5.8,91457688.0
,10000000.0
7.6,52614445.0
7.6,14942422.0
,0.0
,0.0
5.7,17000000.0
,1358.0
7.9,19585.0
5.8,11052713.0
6.1,1430721.0
6.0,1353824.0
7.9,43984000.0
5.9,50016394.0
6.8,35400000.0
7.8,2217561.0
8.0,321952.0
6.0,22434.0
6.9,48092846.0
7.8,39100000.0
6.7,51185000.0
7.8,217350219.0
5.4,29317886.0
6.9,2542264.0
6.7,18400000.0
7.5,5017971.0
7.8,1500000.0
5.6,49851591.0
6.1,15502112.0
6.7,3100000.0
5.8,11603545.0
6.6,1705139.0
6.6,33447612.0
8.4,25317.0
7.5,313436.0
,9250000.0
7.8,10400000.0
7.0,2040920.0
,18115927.0
7.5,85160248.0
6.3,54927174.0
8.2,328539505.0
7.6,20123742.0
5.7,212285.0
7.3,5269990.0
4.6,13400000.0
7.8,72455275.0
5.9,9000000.0
7.1,15198912.0
4.6,1246141.0
4.9,399793.0
7.1,66502573.0
6.9,107533925.0
5.7,27979399.0
8.2,11000000.0
6.9,201857.0
6.7,25000000.0
6.9,206400.0
6.7,1050861.0
6.6,38747385.0
7.6,12961389.0
7.4,833118.0
7.6,65192350.0
6.5,144731527.0
5.7,12836.0
6.9,4595000.0
7.5,8373585.0
6.5,34667015.0
7.2,200433.0
7.6,31983777.0
5.1,32100816.0
5.8,12232628.0
7.1,50003303.0
8.6,37495385.0
7.4,27731527.0
7.4,22549338.0
6.7,14873.0
6.4,0.0
2.2,900000.0
7.7,48169910.0
6.2,10000000.0
7.7,102300000.0
5.5,5707094.0
4.9,14102929.0
8.6,81600000.0
6.6,119920129.0
6.3,37771017.0
6.3,16153000.0
7.4,10400000.0
6.9,0.0
7.2,18642318.0
6.9,11092559.0
7.3,52929168.0
5.7,44948240.0
7.4,48856.0
4.5,24474312.0
8.4,51973029.0
8.5,163245.0
5.9,50752337.0
8.1,28350000.0
2.5,5675599.0
6.0,41267469.0
8.0,44785053.0
7.5,38413606.0
6.9,49793054.0
6.8,2200000.0
5.0,126021.0
,24600832.0
7.5,46300000.0
6.9,8750000.0
5.9,36230219.0
7.0,20659423.0
5.2,0.0
8.4,3427696.0
5.8,4239767.0
7.9,13680000.0
6.3,19032000.0
6.1,1000000.0
5.8,14358033.0
,900.0
7.0,6401336.0
6.1,70300000.0
5.2,35324232.0
7.2,2938000.0
,20008693.0
7.1,2108367.0
6.7,902835.0
5.8,10039566.0
6.6,219195051.0
8.2,9000000.0
5.4,70433227.0
6.2,22006296.0
7.4,8200000.0
4.8,13854000.0
8.1,8000000.0
6.9,180981886.0
4.7,8400000.0
5.7,20133326.0
7.0,103509.0
7.5,27281507.0
6.7,21000000.0
7.9,72000000.0
5.9,12793213.0
6.7,1207007.0
6.8,10508.0
3.0,4408636.0
7.5,179880271.0
8.3,197171806.0
3.5,100358.0
5.2,49369899.0
,3386698.0
6.3,14600000.0
7.3,78716374.0
7.0,2500000.0
6.6,86930411.0
6.1,51041856.0
,141600000.0
6.6,12000000.0
5.7,143273.0
7.5,12800000.0
5.3,25504513.0
4.9,21163999.0
6.2,44793222.0
4.7,22168359.0
4.5,34872033.0
,18090181.0
6.6,5835247.0
6.3,24464742.0
6.0,55500000.0
5.2,2119994.0
5.0,22189039.0
7.4,105264608.0
5.6,128814019.0
7.4,21300000.0
6.6,47329.0
7.1,13668249.0
6.7,13800000.0
6.1,10763469.0
5.5,0.0
6.6,67900000.0
3.8,38590458.0
8.9,108981275.0
5.6,1355728.0
6.9,22800000.0
5.4,48570885.0
3.3,12610552.0
7.0,79096868.0
5.1,419428.0
7.0,52302978.0
6.3,4720371.0
6.3,1987.0
6.9,2844379.0
6.5,49772.0
8.4,9600000.0
6.4,67823573.0
7.0,25697647.0
6.1,3607.0
6.3,81198894.0
2.5,126247.0
7.3,199228.0
7.1,41410568.0
6.9,83287363.0
4.7,5656388.0
6.0,141579773.0
7.2,5000000.0
6.0,4333569.0
6.0,36000000.0
7.3,8000000.0
7.4,74706019.0
3.8,14114000.0
6.3,7000000.0
6.3,104636382.0
7.6,77324422.0
4.8,17220599.0
7.5,3221152.0
5.8,413802.0
7.1,2956000.0
,33395426.0
7.7,21706101.0
7.5,172070496.0
8.2,137963328.0
2.7,779137.0
5.3,15382170.0
4.6,881950.0
6.0,8231.0
5.5,287000.0
5.8,2104164.0
5.1,27450453.0
5.8,109492484.0
3.0,4930.0
4.9,49823037.0
6.0,28317513.0
7.8,59735548.0
8.1,30857000.0
5.8,354704.0
8.6,19284974.0
4.7,21000000.0
6.4,74787599.0
5.7,0.0
6.7,178406268.0
6.6,0.0
6.4,12200000.0
6.3,41382841.0
7.1,87400000.0
6.3,57469179.0
8.1,62500000.0
6.4,194523.0
8.9,107928762.0
6.5,31678778.0
4.6,7000000.0
6.0,2794056.0
6.1,255000.0
6.3,18552460.0
6.5,21413105.0
7.4,20959585.0
5.8,30000000.0
8.1,2197694.0
6.5,8000000.0
6.6,136492681.0
8.1,33395426.0
8.4,6000000.0
6.7,165493908.0
,32281907.0
6.8,31390587.0
8.4,23380203.0
7.5,2684904.0
5.7,21171695.0
7.6,53424681.0
3.4,10696210.0
4.7,38087756.0
7.5,14792779.0
6.5,4651977.0
8.4,2832029.0
8.7,245034358.0
7.8,9012000.0
7.4,50000000.0
7.7,10019109.0
4.4,6905861.0
,309205079.0
2.3,501752.0
,401.0
7.5,6706368.0
7.9,21500000.0
7.1,139876417.0
5.8,30050028.0
6.3,3275585.0
4.2,0.0
4.0,117235147.0
5.1,9205924.0
5.5,1111615.0
5.9,24172899.0
5.8,150415432.0
4.9,53715611.0
6.5,46338728.0
,0.0
8.0,172825435.0
6.1,305070.0
5.9,2000000.0
6.7,36000000.0
7.2,134069511.0
7.9,22954968.0
7.8,83453539.0
6.7,2300000.0
7.5,164649.0
3.9,7000000.0
6.5,4100000.0
7.1,14237880.0
5.9,0.0
8.5,1338.0
6.7,10618813.0
6.4,38122000.0
6.0,7267324.0
7.3,9118.0
6.2,46815000.0
8.7,100125643.0
5.9,21210.0
7.9,13417292.0
5.2,30356589.0
6.0,53458319.0
6.2,390659.0
5.3,14545844.0
8.2,44942821.0
8.9,96067179.0
8.1,8000000.0
4.7,2154540.0
6.9,381225.0
8.0,30000000.0
6.9,410919.0
6.7,2000000.0
,0.0
,0.0
5.7,3500000.0
,18195.0
,0.0
6.2,7137502.0
6.7,71565669.0
5.6,31835600.0
6.9,11000000.0
7.4,25842377.0
2.6,2315000.0
5.3,2620000.0
4.3,5778353.0
7.6,35811509.0
8.5,44017374.0
6.4,15024232.0
3.7,14375181.0
4.1,20254932.0
9.2,28241469.0
5.9,10803211.0
,44701.0
6.3,36049108.0
8.7,130726716.0
,0.0
5.2,76382.0
5.3,15171475.0
8.0,24475416.0
6.9,1227508.0
8.3,25000000.0
4.6,10359006.0
7.1,298347.0
7.3,18344729.0
7.3,53300852.0
6.0,13134.0
6.0,11000000.0
6.7,2013052.0
8.7,23341568.0
7.0,33200000.0
7.5,1500000.0
,24741667.0
5.9,0.0
8.0,4055.0
3.8,20844907.0
7.0,9709597.0
6.9,6719300.0
6.4,7881335.0
7.6,95204.0
6.4,36145695.0
6.1,144833357.0
5.7,1250798.0
7.7,42993774.0
8.4,3600000.0
4.8,6260.0
6.3,163214286.0
6.0,9482579.0
5.6,2712293.0
6.9,38119483.0
2.6,121248145.0
5.6,60054449.0
4.9,2000000.0
4.8,15000000.0
7.7,7000000.0
6.2,62599495.0
3.4,11227824.0
6.7,108185706.0
4.7,59950623.0
5.5,5494.0
4.9,134218018.0
4.9,57362581.0
6.8,12000000.0
6.7,33312.0
6.1,2221994.0
5.9,30306268.0
6.2,82258456.0
6.5,76471046.0
7.3,109713132.0
8.2,52287414.0
4.6,9286314.0
4.3,13500000.0
3.3,33423000.0
7.8,79912963.0
,220944.0
8.4,159616327.0
7.0,304602.0
5.0,52210049.0
7.2,74888996.0
6.5,75671262.0
6.8,85300000.0
3.9,32773011.0
,460998007.0
7.0,1310470.0
3.3,0.0
8.3,7000000.0
5.3,18272447.0
6.1,69582.0
8.8,271736.0
7.0,8000000.0
7.1,7800000.0
7.1,46800000.0
5.2,245359.0
6.2,4505922.0
7.8,184925485.0
7.8,4306697.0
7.3,5400000.0
5.0,247740.0
4.7,26936265.0
6.9,0.0
6.9,1687311.0
7.1,32014993.0
7.0,3468572.0
6.1,26572439.0
5.1,8025872.0
5.5,44853581.0
6.1,53854588.0
6.6,13000000.0
6.8,21284514.0
5.5,8000000.0
2.8,7888000.0
5.6,18582965.0
5.3,0.0
,1110186.0
5.8,2210408.0
6.3,125169.0
4.7,4064333.0
6.5,176786701.0
7.0,63600000.0
3.4,0.0
5.9,24769466.0
8.3,2500000.0
5.6,50621733.0
6.1,886410.0
4.4,19800.0
7.0,13000000.0
5.8,11784569.0
6.9,37400000.0
7.7,56505000.0
5.0,1500711.0
5.3,78656813.0
4.3,42273609.0
5.8,63408614.0
6.4,135265915.0
6.2,6000000.0
6.5,35856053.0
8.2,16501785.0
7.8,6800000.0
4.7,7190505.0
6.9,617172.0
7.2,146282411.0
8.5,204859496.0
7.4,506793.0
8.1,38019031.0
7.2,16667084.0
7.9,12281000.0
2.9,26918576.0
6.7,14400000.0
5.5,195043.0
3.3,1161843.0
6.6,529766.0
7.1,108766007.0
7.4,119394839.0
5.2,37227.0
7.4,177200000.0
6.7,25857416.0
7.2,7000000.0
,111936388.0
6.0,241888385.0
,116000000.0
8.6,21100000.0
6.0,121016.0
8.2,191796233.0
6.3,29500000.0
5.7,2483790.0
6.6,6157157.0
7.0,9054736.0
5.1,50024083.0
8.0,76270454.0
4.9,18826490.0
7.3,2938532.0
7.3,2120439.0
6.7,659000.0
,146072.0
7.3,9132000.0
4.3,19637147.0
7.7,53977250.0
5.3,23998226.0
6.7,0.0
6.1,50327960.0
5.6,2025032.0
6.4,4741987.0
6.0,3347647.0
5.1,16137.0
,10941801.0
7.4,2922988.0
7.6,154112492.0
,34729091.0
6.4,10229300.0
7.8,9170214.0
5.2,7369373.0
4.5,13000000.0
6.5,1287480.0
8.2,509424.0
7.3,43848100.0
,
7.5,2000000.0
,110719.0
7.9,
5.6,10555348.0
6.0,65011757.0
4.0,6448817.0
6.4,74433837.0
5.9,8824553.0
6.8,12500000.0
4.9,3902679.0
6.5,81525.0
7.7,43700000.0
,1652472.0
7.3,4198137.0
7.6,65532576.0
5.7,88246220.0
7.8,4000000.0
6.9,121697323.0
6.4,25052000.0
8.3,28202232.0
6.3,56679192.0
6.8,21750000.0
8.1,204632868.0
5.9,17378193.0
8.0,4000000.0
5.7,26792700.0
6.6,44726644.0
8.0,86300000.0
6.2,39012241.0
7.0,43100000.0
7.3,16892.0
6.5,19739000.0
4.4,66941559.0
6.9,38177966.0
5.8,94784201.0
6.3,54702.0
7.3,0.0
7.4,80048433.0
5.4,12234694.0
7.1,3287435.0
6.1,57139723.0
5.1,41867960.0
6.9,71985628.0
6.1,24375436.0
,10744.0
6.7,36895141.0
5.7,229311.0
4.7,9055010.0
6.2,166112167.0
7.5,1442338.0
4.9,541636.0
6.7,81159365.0
7.9,16248701.0
7.9,13084595.0
5.8,37035515.0
7.6,45064915.0
7.1,28638916.0
6.0,18947630.0
5.7,44875481.0
7.3,3149034.0
,22991379.0
7.5,42023715.0
5.6,22235901.0
5.8,93354918.0
7.8,210614939.0
6.6,39568996.0
7.3,60652036.0
5.6,15738632.0
2.9,9821335.0
7.9,53606916.0
5.4,37939782.0
7.5,109449237.0
6.8,74494381.0
5.7,120146040.0
6.3,18306166.0
6.0,26218170.0
,1196321.0
6.8,120776832.0
6.4,134624.0
5.8,34543701.0
7.6,69951824.0
5.9,16930884.0
7.3,81612565.0
5.4,17266505.0
6.7,116724075.0
7.0,3076425.0
7.8,31749894.0
,1222889.0
5.1,16323969.0
6.6,57262492.0
7.4,40803000.0
7.3,162798565.0
4.8,10719367.0
6.5,50068310.0
,1253413.0
6.3,294244.0
7.9,22498520.0
6.4,3203044.0
7.3,21078145.0
8.1,25857987.0
6.2,28328132.0
6.8,7459300.0
7.3,599903.0
4.6,24646936.0
6.3,172956409.0
7.6,18848430.0
6.0,7221458.0
5.9,22406362.0
5.3,25482931.0
5.9,353480.0
5.8,127214072.0
4.0,48114556.0
6.7,334191110.0
6.1,13395939.0
7.3,120620.0
6.6,58183966.0
6.2,47795018.0
8.5,80930630.0
6.4,21835784.0
5.7,15527125.0
8.0,32522352.0
5.5,100289690.0
6.6,242704995.0
,184255.0
2.3,5178569.0
6.2,10115431.0
6.1,74058698.0
6.9,1779284.0
5.9,0.0
5.5,217326974.0
5.4,14208384.0
5.4,34297191.0
,5719000.0
8.6,130058047.0
4.5,7013191.0
5.7,7314027.0
5.7,14246488.0
8.5,33201661.0
8.6,6719864.0
7.9,130164645.0
4.9,16298046.0
7.1,44212592.0
7.2,927107.0
8.1,5383834.0
6.2,145096820.0
6.1,104354205.0
6.9,101800948.0
7.4,15070285.0
7.6,6003587.0
5.7,93607673.0
5.8,65233369.0
4.3,31526393.0
4.2,65598907.0
6.6,58403409.0
7.0,84136909.0
6.7,133375846.0
7.0,13038660.0
5.5,24044532.0
6.1,135560942.0
5.7,30331165.0
4.6,55762229.0
6.5,39251128.0
5.6,32122249.0
6.6,106885658.0
6.2,28142535.0
6.0,10965209.0
6.4,15962471.0
6.8,90757863.0
5.9,18653615.0
6.8,20211394.0
7.9,50866635.0
7.2,2528664.0
7.1,20733485.0
4.6,18597342.0
6.6,1693000.0
4.2,82674398.0
7.2,24419219.0
6.1,201578182.0
5.3,13684949.0
5.2,5881504.0
6.2,51877963.0
5.9,15132763.0
6.9,78616689.0
5.5,30199105.0
6.4,19551067.0
7.2,9228788.0
6.4,11003643.0
7.8,148478011.0
7.6,9176000.0
7.6,16316273.0
7.4,20040895.0
4.9,10672566.0
7.2,77222099.0
5.6,22365133.0
,5520368.0
4.7,21170563.0
6.4,84052762.0
6.8,24185781.0
4.8,37752931.0
7.9,50980159.0
6.7,6525762.0
7.5,31664162.0
7.5,24343673.0
6.6,206040085.0
6.2,213117789.0
7.1,53883989.0
6.8,49551662.0
6.6,2062066.0
8.3,760167650.0
3.4,23385416.0
7.6,102608827.0
5.4,80281096.0
5.6,24004159.0
6.5,14373825.0
6.8,1071240.0
7.3,9451946.0
6.1,54997476.0
6.1,18319860.0
7.6,34302837.0
5.3,22532572.0
4.0,17321573.0
1.4,9109322.0
2.2,27151490.0
6.2,138540870.0
5.3,30157016.0
7.5,5211842.0
,1702112.0
7.1,32868349.0
7.2,60355347.0
5.6,15325127.0
4.9,21799652.0
6.6,5241315.0
5.4,15298133.0
5.5,30306281.0
7.8,8460000.0
2.1,11156471.0
3.9,5946136.0
6.3,26599248.0
8.3,205343774.0
2.3,21471685.0
8.9,533345358.0
3.3,10155691.0
6.1,280351.0
6.1,28734552.0
8.0,127509326.0
6.1,60494212.0
4.8,29374178.0
4.8,21731001.0
6.6,1744858.0
5.6,55849401.0
4.7,163479795.0
5.9,37879996.0
7.2,39394666.0
8.0,57377916.0
6.0,33302167.0
4.4,3134509.0
6.6,63118386.0
6.9,32543449.0
7.5,35930604.0
6.3,126631277.0
,475000.0
7.9,22858926.0
6.1,58855732.0
7.3,8093373.0
5.3,22852487.0
7.7,7301288.0
7.2,2047570.0
5.4,59843754.0
4.4,131591957.0
6.6,82195215.0
6.7,8378141.0
5.3,36351350.0
7.1,3802390.0
5.2,47811275.0
8.1,66432867.0
8.0,5792822.0
5.8,27066941.0
6.0,4919896.0
8.2,17498804.0
4.7,117559438.0
7.7,108638745.0
4.6,16500786.0
4.8,6471394.0
6.3,7262288.0
7.7,21995263.0
6.4,58220776.0
6.3,5005899.0
7.0,18663911.0
5.6,40203020.0
6.8,71500556.0
7.5,30060660.0
7.0,70141876.0
6.2,140539099.0
6.4,26613620.0
5.5,81676888.0
5.7,52397389.0
6.5,118594548.0
7.7,255959475.0
6.3,26199517.0
8.0,4398392.0
4.3,16235738.0
7.1,9396870.0
,0.0
6.6,3073392.0
,90639088.0
6.2,96493426.0
6.1,1083350.0
7.4,52990775.0
3.4,14294842.0
5.5,40118420.0
6.3,2185266.0
8.0,170708996.0
4.0,70165972.0
,0.0
7.8,30471.0
5.6,0.0
6.5,41523271.0
7.1,11242801.0
6.9,94835059.0
3.9,46752382.0
7.4,114053579.0
6.7,26814957.0
6.3,66488090.0
3.9,7316658.0
6.5,2353728.0
7.9,26410771.0
7.7,128505958.0
7.7,121468960.0
7.6,176087450.0
8.2,227471070.0
5.6,22619589.0
4.3,15549702.0
5.5,36779296.0
8.2,21576018.0
7.6,11540607.0
7.8,9030581.0
5.2,23010607.0
6.2,40334024.0
6.2,6601079.0
6.2,4426297.0
5.0,58715510.0
4.3,178287.0
7.1,852206.0
7.5,2075743.0
6.8,16640210.0
,50159144.0
6.9,27163593.0
7.8,83043761.0
5.3,12232382.0
5.9,118806699.0
3.5,45779.0
,0.0
6.4,458232.0
6.9,16963963.0
5.2,900926.0
2.8,27457409.0
6.0,27362712.0
7.1,4444637.0
7.1,450594.0
8.1,7800825.0
4.9,366301.0
5.5,65070412.0
6.2,75781642.0
7.4,18621249.0
7.3,60060328.0
8.4,120831050.0
5.9,68208190.0
7.8,57924679.0
,45506619.0
3.5,107325195.0
4.7,8586376.0
7.3,1239183.0
4.6,145382.0
5.4,5002310.0
7.3,2380606.0
6.9,353743.0
6.8,26528684.0
,25534493.0
6.4,66458769.0
4.8,63313159.0
,72779000.0
6.6,6144806.0
5.4,21158188.0
5.5,3647381.0
6.7,8138000.0
6.2,25358996.0
7.6,28750530.0
7.0,1060591.0
,137855863.0
4.3,17760244.0
7.5,244082982.0
7.5,233632142.0
5.7,164606800.0
3.4,101018283.0
6.9,3588602.0
3.2,40202379.0
5.9,1276984.0
3.8,16988996.0
6.2,17200925.0
,53359111.0
6.0,220175.0
6.0,8047525.0
5.2,40048332.0
4.6,25590119.0
6.1,5078660.0
6.2,61280963.0
6.5,32003620.0
6.4,7871693.0
7.1,206459076.0
6.8,4299773.0
4.7,100814328.0
5.5,125305545.0
7.5,12006514.0
7.2,170687518.0
5.8,135386665.0
7.3,106793915.0
5.6,138614544.0
5.2,82571173.0
6.1,2715657.0
4.9,11263966.0
5.3,32404188.0
5.1,17016190.0
8.1,35552383.0
6.5,3075255.0
6.2,4617608.0
7.3,71309760.0
6.9,1031872.0
7.8,3629758.0
2.1,306715.0
6.5,1055671.0
7.0,49526.0
6.7,82985708.0
8.0,61649911.0
5.4,51438175.0
6.4,78750909.0
6.4,56709981.0
,206678.0
3.2,11540112.0
6.5,622023.0
5.5,139225854.0
7.3,95632614.0
,138711.0
5.0,137355633.0
4.0,8135024.0
6.2,378650.0
2.9,33987757.0
7.7,24148068.0
4.6,93932896.0
6.7,112735375.0
6.2,2281585.0
6.7,75976178.0
6.9,17804273.0
7.6,5488570.0
7.8,871577.0
6.5,119621.0
7.1,67264877.0
7.1,16007718.0
6.5,6113834.0
6.3,197148.0
4.1,23514247.0
5.1,47545060.0
7.8,100170152.0
4.3,4694491.0
5.0,146028.0
6.2,119452.0
6.6,101117573.0
6.8,12212417.0
6.5,76118990.0
7.3,100920329.0
7.0,8291572.0
6.8,355968.0
4.2,23978402.0
7.8,75286229.0
4.3,29331068.0
4.8,23364784.0
6.9,44906632.0
5.5,109205660.0
6.7,2899970.0
7.1,27838408.0
6.1,3357324.0
6.7,39123589.0
5.7,1954202.0
6.0,13019253.0
5.4,34657731.0
,28436931.0
4.2,5217498.0
5.8,15164492.0
7.0,6566773.0
6.1,54557348.0
1.7000000000000002,7009668.0
6.6,37188667.0
7.6,54228104.0
6.7,38230075.0
6.2,0.0
6.4,10047674.0
7.4,39462438.0
6.3,16929123.0
6.5,18208078.0
5.0,36985501.0
4.7,16703799.0
5.2,93375151.0
6.6,493296.0
8.8,7563397.0
5.9,325491.0
6.1,22433915.0
7.1,489220.0
5.3,60786269.0
6.7,58640119.0
4.8,19294901.0
4.9,254293.0
7.2,124870275.0
7.3,66661095.0
,7426671.0
2.4,13235267.0
5.5,104148781.0
5.6,22672813.0
4.9,50406346.0
3.4,25662155.0
,574838.0
5.5,102543518.0
7.8,14435076.0
,70107728.0
8.3,1270522.0
5.6,25473093.0
5.7,16980098.0
2.6,48548426.0
6.5,98711404.0
7.4,58990765.0
6.6,30101577.0
4.5,0.0
7.6,30226144.0
6.0,116735231.0
7.4,476270.0
5.6,73648228.0
5.1,17843379.0
,11718595.0
7.8,4157491.0
6.0,952620.0
7.0,80014842.0
6.6,23106.0
5.1,96793.0
7.2,10686841.0
5.5,126293452.0
6.0,13508635.0
5.7,11203026.0
,32241649.0
5.1,42739347.0
7.0,64038616.0
4.4,915840.0
7.7,244885070.0
4.3,22400154.0
5.6,65535067.0
5.8,42885593.0
4.6,32539681.0
5.9,28644813.0
5.9,2165637.0
5.8,30063805.0
6.8,19875.0
,11273517.0
6.1,6276869.0
7.5,134529403.0
4.6,9628751.0
4.8,10020081.0
7.1,1200216.0
1.7000000000000002,14190901.0
8.3,115646235.0
5.2,17507368.0
8.0,5990075.0
6.6,9237470.0
5.8,7680.0
6.5,13337299.0
3.9,63257940.0
5.6,15064948.0
5.3,15427192.0
5.3,81897.0
6.0,11008770.0
5.4,19367.0
6.2,137748063.0
4.9,480314.0
2.5,7578946.0
7.3,30651422.0
5.3,45207112.0
5.9,10169202.0
7.7,41954997.0
5.2,28212337.0
,33422556.0
4.8,19421271.0
6.1,5501940.0
6.6,8823109.0
6.0,140464664.0
8.5,133311000.0
4.8,33000377.0
6.6,36316032.0
7.1,42100625.0
,128067808.0
3.4,36020063.0
6.0,112950721.0
5.2,144156605.0
5.5,22734486.0
5.9,32862104.0
6.7,239962.0
4.2,32616869.0
5.3,22163442.0
5.2,6543194.0
5.3,33685268.0
6.6,103365956.0
6.4,4217115.0
6.2,10571408.0
5.2,56398162.0
,11546543.0
7.2,638227.0
7.4,26024456.0
5.9,2255000.0
3.0,40363530.0
6.0,99147.0
7.0,80209692.0
6.8,29823162.0
5.1,8580428.0
6.3,144583.0
7.5,8112414.0
3.6,9818792.0
5.7,4734235.0
4.7,80270227.0
7.2,870067.0
3.3,26214846.0
,0.0
3.6,15185241.0
5.7,9652000.0
6.1,75802010.0
,61007424.0
6.4,217536138.0
3.8,10977721.0
5.3,6044618.0
5.0,64172251.0
4.4,20035310.0
7.1,4017609.0
7.7,21056221.0
6.2,133411.0
6.7,43313890.0
6.0,22508689.0
7.5,12574914.0
6.7,4170647.0
4.8,3602884.0
6.6,101440743.0
6.3,36443442.0
5.8,5580479.0
7.4,14943582.0
4.9,24409722.0
6.8,173398518.0
7.6,30082699.0
6.3,22913677.0
6.2,56330657.0
5.4,11634458.0
6.7,14060950.0
6.5,17504595.0
7.8,77437223.0
5.4,28444855.0
7.4,89296573.0
7.5,127706877.0
6.9,10660147.0
5.4,66889043.0
6.7,11748661.0
7.4,51396781.0
7.2,111549836.0
6.1,87707396.0
6.5,39177215.0
4.6,13548322.0
2.2,39739367.0
5.0,75030163.0
7.2,125548685.0
6.4,26850426.0
4.7,78146373.0
8.5,34366518.0
6.6,70527.0
7.9,49388.0
6.5,17718223.0
7.0,14843425.0
6.3,26673242.0
,65705772.0
6.1,50047179.0
5.9,38311134.0
6.0,75078.0
7.3,51957.0
5.2,51758599.0
6.8,75072454.0
5.0,41814863.0
7.1,9793406.0
6.8,2840417.0
6.4,10823158.0
4.1,4835968.0
7.2,55691208.0
6.3,40283321.0
5.6,88715192.0
6.5,37036404.0
4.5,22455510.0
6.3,60062868.0
,113433.0
,9103630.0
7.5,15901849.0
2.5,16670.0
4.8,28681080.0
6.0,10178331.0
7.3,112276146.0
6.4,46896664.0
5.9,54098051.0
4.9,66477700.0
3.1,13208023.0
7.6,10680275.0
6.4,56131.0
7.4,63570862.0
6.3,6592103.0
5.9,68353550.0
5.7,154696080.0
5.6,16757163.0
5.1,127120058.0
6.0,144512310.0
7.6,70231041.0
7.6,119114517.0
7.3,14363397.0
6.8,31598308.0
6.9,298110.0
8.8,37030102.0
6.4,32131830.0
7.2,51768623.0
4.0,14249005.0
4.4,8123860.0
7.5,374675.0
6.9,824295.0
1.6,4922166.0
6.8,53302314.0
7.2,33602376.0
6.7,4485485.0
7.2,148089.0
5.7,21000147.0
6.0,21009180.0
7.8,31567134.0
4.6,92993801.0
7.0,64665672.0
6.5,13090630.0
4.7,14543943.0
7.1,1173673.0
6.6,75764085.0
6.1,13368437.0
8.2,339714978.0
,52850.0
,0.0
,5204007.0
7.4,10144010.0
,131921738.0
4.1,0.0
6.2,89706988.0
7.3,13110448.0
6.7,52075270.0
7.5,36605602.0
5.3,57176582.0
6.5,110222438.0
7.3,44983704.0
8.0,25514517.0
4.9,66711892.0
4.4,13121555.0
5.6,65002019.0
5.3,33253609.0
7.3,25885000.0
7.2,61255921.0
7.2,2503902.0
7.4,104374107.0
4.8,2512846.0
5.6,33451479.0
5.1,6755271.0
7.9,18622031.0
6.1,1661464.0
6.0,196857.0
7.2,45950122.0
6.3,110550000.0
6.8,51855045.0
,223202.0
2.6,17630465.0
6.3,42071069.0
6.2,5549923.0
7.7,48265581.0
7.4,77730500.0
4.8,75367693.0
5.8,18882880.0
7.8,12532777.0
,20300218.0
3.3,4063859.0
5.0,37667746.0
6.0,12882934.0
6.1,1308696.0
7.5,6451628.0
6.0,22441.0
,3517797.0
5.7,0.0
6.2,254683.0
5.0,119436770.0
6.8,38432823.0
6.6,14018296.0
5.3,30113491.0
6.4,13052741.0
5.6,17951431.0
5.2,115802596.0
4.7,13252641.0
6.7,12008642.0
2.4,6087542.0
5.5,48169156.0
5.8,150201498.0
,28871190.0
8.3,187683805.0
2.0,4273372.0
4.7,4167493.0
5.6,35017297.0
,8434601.0
8.4,136801374.0
6.0,375474.0
8.1,240425.0
7.7,31501218.0
6.1,102705852.0
5.4,1638202.0
,16875273.0
6.9,4283255.0
,10037390.0
4.7,14334645.0
4.8,136314294.0
,277233.0
6.4,101643008.0
6.2,27276.0
8.1,138433435.0
7.3,41300105.0
,5108820.0
6.3,90648202.0
7.1,11634362.0
7.2,71423726.0
6.8,12178602.0
6.2,2956339.0
6.8,10166502.0
6.1,115879.0
7.6,33579798.0
7.9,26782316.0
7.0,305260.0
7.1,35053660.0
5.3,105263257.0
5.9,37899638.0
7.0,14589444.0
5.7,260044825.0
7.9,25031037.0
4.0,30981850.0
7.9,56068547.0
5.8,1115313.0
7.4,28084357.0
4.6,39143839.0
5.7,110359362.0
5.8,161094625.0
,3330230.0
5.7,68915888.0
4.8,14967182.0
5.5,11560259.0
6.8,1569918.0
5.5,3051221.0
5.5,15543862.0
7.7,6217849.0
4.5,33392973.0
7.2,118823091.0
6.3,17394881.0
6.0,4501094.0
6.0,1577287.0
,0.0
6.5,227946274.0
3.9,15849032.0
5.2,64506874.0
7.5,2039192.0
7.2,1024640.0
7.0,3337931.0
4.9,56653.0
7.4,1818681.0
5.5,48237389.0
6.9,17044981.0
5.5,12634962.0
6.5,10199354.0
6.6,67286731.0
5.6,51100486.0
6.7,51386611.0
,0.0
5.1,37788228.0
7.6,3067312.0
6.3,18098433.0
6.8,21567853.0
3.2,23483357.0
7.3,75986503.0
6.8,59623958.0
5.7,37485528.0
6.7,1029017.0
,53652140.0
4.6,10494147.0
,11050094.0
4.8,10397365.0
4.6,91188905.0
6.1,41543207.0
7.6,27277055.0
4.3,12801190.0
6.1,226792.0
3.7,90556401.0
6.7,2730296.0
7.6,31493782.0
5.7,177784257.0
6.8,39687694.0
6.7,38108728.0
7.2,18225165.0
4.7,4714090.0
5.0,20804166.0
6.5,41778863.0
6.7,2775593.0
4.1,15567860.0
,55041738.0
3.9,30259652.0
4.7,12069719.0
3.6,31841299.0
6.4,4886216.0
,65281781.0
5.4,50026353.0
6.0,27669725.0
7.9,277322503.0
4.3,36037909.0
6.9,7164995.0
7.1,67383924.0
6.9,63280000.0
5.5,73209340.0
,304124.0
4.7,10513979.0
4.6,30272254.0
2.6,12834849.0
5.3,8117637.0
5.3,60110313.0
7.2,154529439.0
5.4,17544812.0
7.3,34636443.0
5.7,47326473.0
6.5,13938332.0
7.6,41675994.0
7.5,15652637.0
5.4,132675402.0
5.4,32064800.0
5.4,14108518.0
5.5,31155435.0
,14010363.0
7.2,261987880.0
7.7,249538952.0
7.6,290013036.0
7.4,292004738.0
7.3,301959197.0
7.2,317557891.0
6.7,198000317.0
6.8,99112101.0
4.1,40222729.0
5.6,19870567.0
6.3,75383563.0
6.3,196067.0
7.5,539285.0
5.1,11965282.0
6.2,19076815.0
6.6,51019112.0
5.4,3681066.0
8.0,23618786.0
6.6,104257.0
8.2,217581231.0
6.8,12784713.0
5.7,132177234.0
7.1,134806913.0
6.5,100138851.0
5.8,34234008.0
,334041.0
7.8,14700000.0
7.5,22202809.0
6.2,88200225.0
6.3,4839383.0
5.2,30207785.0
5.2,8735529.0
6.9,195330621.0
7.1,196573705.0
7.4,176387405.0
6.0,24381334.0
7.5,8038061.0
5.2,0.0
7.3,52131264.0
6.7,18542974.0
5.8,12669914.0
7.0,4777465.0
6.0,19528188.0
3.3,10317779.0
5.8,4023741.0
7.2,228524.0
4.1,40020622.0
5.4,72250091.0
5.9,14800725.0
7.7,39868642.0
6.1,2205627.0
7.1,7689458.0
6.7,672243.0
5.4,16123323.0
6.0,6114237.0
9.1,285630280.0
5.2,4717455.0
5.5,14026509.0
7.2,320700.0
6.6,317023851.0
5.3,12017369.0
7.1,1151330.0
6.2,33316821.0
5.2,315000.0
6.1,17303424.0
6.1,63826569.0
6.1,119725280.0
7.7,88634237.0
8.0,28965197.0
6.3,67263182.0
3.9,97387965.0
6.2,34105207.0
6.5,18451251.0
6.0,15074191.0
6.3,221096.0
,144801023.0
7.3,312128345.0
7.9,318604126.0
7.9,23159305.0
7.4,617228.0
6.9,35818913.0
4.9,2954405.0
5.3,33561137.0
6.9,106126012.0
5.5,12559771.0
4.6,34645374.0
7.6,39673162.0
6.0,54956941.0
7.1,6301131.0
6.1,4956401.0
7.2,62647540.0
4.8,3076820.0
6.3,126930660.0
6.0,160942139.0
8.0,167365000.0
6.8,169368427.0
5.3,16204793.0
7.2,72778712.0
6.3,64282312.0
5.9,101704370.0
5.4,27087695.0
6.7,7496522.0
5.7,37904175.0
5.8,28013509.0
5.3,35623801.0
7.7,3909149.0
3.8,31203964.0
6.2,25266129.0
5.1,703.0
6.4,399879.0
5.7,44452.0
6.8,48318130.0
5.0,17326650.0
,14271297.0
5.2,47901582.0
5.3,22770864.0
4.3,10547117.0
6.6,71026631.0
6.3,25571351.0
6.6,1475746.0
5.1,14252830.0
5.4,21973182.0
7.2,153952592.0
6.8,30059386.0
6.7,1282084.0
7.1,7739049.0
7.2,94125426.0
5.9,80172128.0
7.1,2678010.0
7.9,143495265.0
7.9,181166115.0
6.3,39852.0
5.1,56127162.0
4.1,13571817.0
5.8,82622655.0
6.5,35168966.0
6.2,47095453.0
,4109095.0
4.1,66723216.0
8.1,48071303.0
6.2,38168022.0
6.3,36833473.0
,17104669.0
6.1,176591618.0
6.4,15000000.0
6.9,52842724.0
8.0,66207920.0
8.2,70098138.0
,23247539.0
7.1,47398413.0
7.2,10214647.0
6.8,7025722.0
6.4,60527873.0
7.6,218080025.0
7.5,148761765.0
6.6,76373029.0
7.1,47467250.0
4.3,33422806.0
6.0,11660180.0
6.4,79957634.0
4.1,10319915.0
7.3,50315140.0
4.7,73701902.0
3.5,4008527.0
,4235837.0
6.6,56083966.0
7.8,15800078.0
7.0,5686694.0
5.7,16033556.0
8.4,64604977.0
7.2,73357727.0
6.5,74541707.0
6.2,39692139.0
5.8,42285169.0
6.8,52330111.0
6.3,39263506.0
4.7,13592872.0
5.3,49438370.0
6.5,66790248.0
7.5,5956480.0
7.3,3895664.0
5.7,17848322.0
5.2,20422207.0
7.4,2339957.0
2.8,15680099.0
7.8,5463019.0
5.9,91038276.0
,20700082.0
5.0,4221341.0
5.0,40122938.0
7.1,256393010.0
6.1,31373938.0
,303439.0
8.1,13756082.0
,14448589.0
6.3,38399961.0
7.4,50699241.0
6.7,181410615.0
7.7,1190018.0
5.8,12189514.0
6.4,4835065.0
7.2,1138836.0
7.2,24006726.0
7.3,19694635.0
5.3,64062587.0
4.4,51432423.0
7.1,145771527.0
6.9,2016687.0
5.4,5871603.0
6.5,12905901.0
4.7,42734455.0
6.3,53032453.0
6.1,54606.0
7.8,17606684.0
6.7,1147784.0
6.8,211724.0
8.0,59891098.0
6.7,11052958.0
6.2,14998070.0
7.7,12667.0
6.1,105807520.0
5.0,15464026.0
,23591432.0
6.6,2484186.0
4.8,69117629.0
4.8,6552255.0
,23602581.0
6.7,27441122.0
6.7,12554569.0
5.1,8322608.0
6.8,4210379.0
8.7,341784377.0
8.8,377027325.0
8.8,314776170.0
7.7,24149632.0
,3897569.0
5.7,463730.0
6.7,154187.0
5.4,5932060.0
7.8,111110575.0
5.7,388390.0
3.9,62950384.0
5.3,2793776.0
7.9,44585453.0
7.0,2326407.0
4.5,16779636.0
7.0,6616974.0
6.0,229086679.0
5.1,43799818.0
6.0,20950820.0
4.4,2848587.0
6.4,130444603.0
5.7,58636047.0
7.1,266967.0
5.9,5755286.0
4.3,428535.0
7.6,4604982.0
6.8,5781086.0
7.9,59472278.0
5.3,13555988.0
6.6,44028238.0
4.7,66010682.0
6.2,35188640.0
6.9,20987.0
5.5,22965110.0
5.6,4777007.0
8.5,11284657.0
5.6,134904.0
7.6,10299782.0
,291710957.0
6.2,158119460.0
6.1,10561038.0
6.3,5308707.0
6.8,180010950.0
6.6,193595521.0
7.4,8117961.0
6.4,517262.0
5.0,19843795.0
5.3,146336178.0
5.7,26500000.0
7.7,77906816.0
4.2,19699706.0
7.4,34580635.0
6.3,13801755.0
2.4,1646664.0
6.4,1506998.0
4.5,18844784.0
2.0,17018422.0
6.9,12578537.0
8.7,171479930.0
5.1,17292381.0
5.8,145540.0
7.8,1531154.0
7.4,23213577.0
6.6,241438208.0
5.8,19219250.0
4.5,5409517.0
3.1,41975388.0
5.7,51545952.0
5.6,669625.0
3.9,4408420.0
,7500310.0
6.7,65948711.0
5.7,33864342.0
7.5,49033882.0
7.5,93926386.0
6.1,27776620.0
6.7,47279279.0
7.3,603951.0
4.7,22108977.0
4.8,11803254.0
8.2,100492203.0
3.1,90508336.0
5.5,46012734.0
7.0,86047227.0
6.3,92723.0
3.4,4356126.0
6.9,90570999.0
7.1,57010853.0
7.0,250690539.0
6.8,48814909.0
8.7,25544867.0
5.8,32983332.0
4.9,173599.0
7.8,1054361.0
5.6,52880016.0
6.9,44650003.0
7.6,6529624.0
,6047691.0
8.0,22450975.0
6.4,32428195.0
6.6,349132.0
7.4,190418803.0
,1237269.0
6.8,3041803.0
4.7,48478006.0
6.9,215409889.0
6.9,133501348.0
6.1,106807667.0
7.4,26900336.0
5.4,50632037.0
6.8,27796042.0
4.9,19184820.0
4.8,34308901.0
5.9,43894863.0
7.6,432360.0
5.1,60874615.0
7.0,864959.0
6.7,4559569.0
6.2,4476235.0
5.7,25528495.0
7.4,74205.0
6.5,25078937.0
7.2,56968169.0
5.1,82931301.0
6.7,6830957.0
6.1,63803100.0
7.2,31273922.0
7.2,635733.0
5.6,17396.0
6.8,73661010.0
8.3,2374107.0
7.2,13876974.0
7.4,34469210.0
7.4,255870172.0
,146402.0
5.7,41076865.0
8.0,5010163.0
5.2,14469428.0
6.4,267194.0
6.5,35228696.0
7.3,57386369.0
7.1,1190003.0
6.4,279167575.0
7.0,166225040.0
5.6,21800302.0
6.1,64378093.0
7.7,132024714.0
,20999103.0
5.2,12716953.0
7.1,11036366.0
3.2,35927406.0
6.6,12803305.0
5.9,7916887.0
6.1,61894591.0
5.3,533344.0
7.1,3005605.0
6.1,17896.0
2.4,38233676.0
5.5,8891623.0
7.8,23089926.0
7.2,1105266.0
6.7,9176787.0
,673414.0
7.1,281553689.0
6.5,139259759.0
7.1,62544.0
7.2,120620254.0
7.9,7219578.0
6.8,155385488.0
6.2,202007640.0
5.1,102491776.0
7.8,47379090.0
6.1,16304786.0
5.9,31874869.0
5.5,11614954.0
6.4,250863268.0
4.4,27053815.0
6.6,50572589.0
7.1,3765585.0
6.0,63478838.0
6.8,198351526.0
7.2,17583468.0
5.9,66808615.0
6.2,126813153.0
,46729374.0
6.9,34099640.0
6.5,181041.0
7.4,3885134.0
4.5,36850101.0
6.3,22331846.0
7.4,49200230.0
7.0,1000915.0
,29762011.0
8.0,90135191.0
5.7,80197993.0
7.3,10465659.0
6.9,141621490.0
6.9,173005002.0
6.6,37629831.0
6.2,24850922.0
5.7,18782227.0
,0.0
8.3,74273505.0
8.1,261441092.0
7.2,44705766.0
5.3,63075011.0
5.2,10572742.0
5.4,28972187.0
5.7,10341093.0
4.4,14983572.0
6.3,1420578.0
6.8,45489752.0
6.9,116089678.0
5.0,39442871.0
7.3,1562800.0
6.0,48006762.0
6.3,38122883.0
6.6,18653746.0
7.3,186830.0
4.9,10014234.0
5.9,177243721.0
6.8,31487293.0
6.3,36842118.0
8.3,1433319.0
5.5,79123.0
8.0,1067481.0
6.3,43107979.0
8.0,81001787.0
5.5,191862.0
5.8,2025238.0
,6173485.0
6.9,44540956.0
7.2,18324242.0
7.5,13610521.0
6.9,691880.0
6.4,35327628.0
6.5,72708161.0
5.9,7836393.0
,25450527.0
6.2,35193167.0
6.4,25170054.0
5.9,80936232.0
4.3,123307945.0
5.8,307631.0
7.9,51676606.0
8.2,18354356.0
6.9,12712093.0
6.5,1502188.0
,14018364.0
5.9,29145924.0
6.1,41059716.0
7.6,183417150.0
6.0,125531634.0
6.9,117144465.0
7.6,19422319.0
7.9,10827813.0
7.0,16357770.0
5.4,54607383.0
6.6,75530832.0
8.0,9445857.0
7.1,144601.0
7.0,31597131.0
6.9,23337196.0
4.7,102458.0
3.4,4356743.0
6.0,13395961.0
6.5,14443.0
6.0,85105259.0
5.9,30500882.0
7.5,58328680.0
4.9,7659747.0
6.0,582024.0
5.6,16521410.0
7.4,1127331.0
6.7,1612957.0
7.0,75155000.0
6.0,13596911.0
5.6,13264986.0
7.0,2070920.0
5.8,13906394.0
6.4,166003.0
7.1,37562568.0
4.9,41083108.0
4.9,28544120.0
7.0,1011054.0
5.3,113006880.0
8.4,37634615.0
7.1,370782930.0
6.3,135041968.0
5.8,81526121.0
6.1,53789313.0
5.4,40687294.0
5.3,95149435.0
5.9,108244774.0
5.8,41263140.0
7.1,48417850.0
5.5,121972.0
6.2,828.0
6.5,15515460.0
2.2,7061128.0
6.8,563711.0
7.2,51225796.0
7.2,46566212.0
8.5,32519322.0
5.1,82226474.0
8.0,305411224.0
7.3,423315812.0
7.0,309420425.0
6.4,57712751.0
7.0,39235088.0
5.1,8427204.0
5.1,6982680.0
5.8,88761720.0
6.6,4857374.0
5.3,883454.0
5.3,31770413.0
4.4,37490007.0
6.9,19719930.0
6.1,32598931.0
7.1,8596914.0
5.5,180011740.0
7.4,4028339.0
6.1,42194060.0
3.7,4411102.0
4.8,23047939.0
6.7,107918810.0
,87341380.0
3.5,3681811.0
6.5,0.0
6.9,10330853.0
6.4,33664370.0
,43746923.0
3.5,17052128.0
6.7,181320597.0
5.8,88073507.0
7.8,15090399.0
4.5,3293258.0
5.6,60674817.0
6.4,10103647.0
,48430258.0
5.5,46850558.0
6.8,124740460.0
7.5,8017467.0
5.7,15712072.0
6.7,39017984.0
7.5,47566524.0
6.7,15740721.0
5.5,38372662.0
,104054514.0
6.9,51920690.0
6.2,590817.0
7.5,2223293.0
5.6,28165882.0
5.1,16535005.0
7.8,162586036.0
6.9,424760.0
5.4,198539855.0
,47852604.0
6.8,101413188.0
,19398532.0
5.1,43869350.0
6.9,7535331.0
6.9,95308367.0
5.4,163958031.0
,90755643.0
8.4,53089891.0
,0.0
5.5,17650704.0
6.0,267972.0
4.5,21541218.0
6.9,113330342.0
7.1,97104620.0
5.9,11411644.0
5.0,20264436.0
7.4,17791031.0
6.1,8050977.0
6.0,31811527.0
5.9,8408835.0
7.6,8060487.0
6.8,33508922.0
4.7,30307804.0
7.2,12987647.0
3.5,22723.0
6.1,31691811.0
7.6,56441711.0
5.0,22772500.0
6.5,381420.0
7.1,1692693.0
7.6,6199600.0
6.9,52333738.0
6.9,45916769.0
7.3,42754105.0
4.8,31054924.0
,76501438.0
5.0,39402572.0
8.1,206445654.0
,75305995.0
2.7,2405420.0
2.8,18990542.0
6.9,105269730.0
6.4,128200012.0
7.6,20097.0
5.2,152257509.0
5.2,49772522.0
7.4,70269899.0
6.4,50802661.0
7.7,2276368.0
7.3,92955420.0
7.7,34192652.0
5.6,25126214.0
4.7,16809014.0
6.2,36696761.0
6.1,65388.0
6.5,57891803.0
7.7,19661987.0
5.4,33956608.0
7.8,13011160.0
7.0,19068240.0
7.0,223878.0
6.9,29077547.0
6.2,44737059.0
5.9,19035741.0
5.8,50740078.0
6.2,50648679.0
,46368993.0
6.4,40119709.0
6.6,32662299.0
7.6,22911480.0
6.6,11175164.0
5.9,43061982.0
5.5,23360779.0
6.9,12796277.0
5.4,100494685.0
6.2,29781453.0
6.4,630779.0
5.1,75941727.0
6.8,3278611.0
4.1,26000610.0
7.1,549666.0
7.0,5853194.0
,1785505.0
6.2,551002.0
5.8,20342161.0
7.3,22921898.0
6.9,9736045.0
6.3,6409528.0
5.8,16991902.0
5.5,75600072.0
5.0,17380866.0
5.9,55973336.0
7.2,41610884.0
6.8,712294.0
5.3,17480890.0
8.5,3635482.0
6.4,56607223.0
7.5,5490423.0
2.3,3816594.0
6.7,0.0
7.5,115654751.0
6.0,40081410.0
6.4,68525609.0
6.0,17432844.0
6.2,61322858.0
6.6,47641743.0
7.5,6855137.0
6.0,6775659.0
6.4,226164286.0
6.0,140125968.0
6.8,141186864.0
7.8,17105219.0
,71724497.0
6.9,2062406.0
5.2,10411980.0
8.3,23519128.0
5.9,68671925.0
5.9,61363304.0
3.5,139084.0
7.4,40270895.0
7.1,676698.0
3.9,95347692.0
7.0,8886160.0
5.6,19351569.0
7.7,55185045.0
6.8,87025093.0
6.3,80238724.0
6.0,63300095.0
5.7,56746769.0
6.2,27693292.0
4.6,5516708.0
5.7,5361.0
3.6,39177684.0
7.4,120277854.0
7.2,5501616.0
4.7,71277420.0
5.4,110000082.0
5.0,90710620.0
4.8,84185387.0
4.7,153294164.0
7.3,65005217.0
7.2,81261177.0
6.0,17807569.0
6.8,10525717.0
6.8,71069884.0
2.9,103046663.0
5.9,101363301.0
5.3,89138076.0
5.3,90580000.0
,101740.0
7.9,38634938.0
7.2,2086345.0
6.3,35450113.0
6.1,36280697.0
5.5,901857.0
2.6,40066497.0
5.0,16930185.0
6.8,378176.0
6.7,37945884.0
5.4,152647258.0
6.3,69772969.0
6.8,124685242.0
5.6,178095.0
6.3,22183.0
6.8,8279017.0
5.9,70327868.0
4.1,61123569.0
6.0,157019771.0
8.0,13542874.0
6.7,1985292.0
5.4,63465522.0
6.4,33889159.0
6.7,199176.0
6.0,70836296.0
6.5,46982632.0
8.0,128012934.0
7.4,100317794.0
8.0,1134358.0
7.5,209028679.0
6.7,31628317.0
7.2,47003582.0
8.0,267655011.0
7.5,441226247.0
6.1,322719944.0
6.7,238395990.0
5.9,160861908.0
7.4,2207975.0
4.7,13973532.0
5.3,37948765.0
8.2,24538513.0
,40934175.0
6.9,227965690.0
6.7,18253415.0
4.9,8165213.0
7.6,183135014.0
6.6,26483452.0
8.3,74103820.0
5.6,336456.0
8.2,293506292.0
7.6,11529368.0
6.5,47907715.0
5.3,35007180.0
6.6,63939454.0
4.9,4814244.0
,12372410.0
,14623082.0
7.5,101068340.0
7.8,22495466.0
7.0,37766350.0
6.4,165092266.0
5.6,275380.0
5.9,1237615.0
4.6,9408183.0
5.0,49981.0
6.6,7802450.0
8.3,141319928.0
6.4,5502773.0
5.9,55143823.0
4.7,186336279.0
6.6,35662731.0
5.8,27338033.0
6.2,8355815.0
4.8,4398989.0
4.6,19693891.0
7.2,176484651.0
5.8,55591409.0
6.0,34020814.0
6.9,118627117.0
7.8,13005485.0
4.1,1900451.0
5.0,15032800.0
6.7,11405825.0
6.2,60470220.0
6.6,56932305.0
4.9,81150692.0
6.7,14378353.0
7.3,3688560.0
8.2,30093107.0
4.4,60008303.0
5.1,10198766.0
6.2,14970038.0
6.7,4354546.0
6.7,31720158.0
6.9,3050934.0
5.7,17639.0
7.5,228830.0
6.4,62492818.0
6.4,43492389.0
3.7,13922211.0
,52037603.0
5.6,90463534.0
6.7,42044321.0
4.8,54979992.0
7.8,121463226.0
,85416609.0
4.5,30105968.0
6.3,90454043.0
7.8,1641788.0
6.3,43945766.0
6.8,71195053.0
3.7,17127.0
3.4,48097081.0
5.6,37068294.0
2.9,29342592.0
7.7,373524485.0
6.4,336530303.0
7.4,403706375.0
8.1,31167395.0
4.9,33357476.0
6.6,200120000.0
6.8,14218868.0
,10049886.0
6.6,410241.0
6.9,62362560.0
,85846296.0
4.1,111760631.0
5.7,112692062.0
6.8,406216.0
7.6,7372734.0
6.6,50255310.0
7.5,795126.0
,488872.0
6.0,30628981.0
3.6,3100650.0
6.6,73215310.0
,310676740.0
,380270577.0
7.1,54768952.0
7.8,5801558.0
4.5,23086480.0
6.5,17266359.0
2.7,1686429.0
5.1,37672944.0
5.1,59475623.0
6.2,91137662.0
4.3,61356221.0
7.8,40435190.0
,454255.0
5.9,26910736.0
6.0,50041732.0
7.1,21133087.0
7.0,26415649.0
5.8,140015224.0
5.6,64956806.0
4.8,32116746.0
,468867.0
6.0,765637.0
6.4,119841.0
6.5,10915744.0
6.2,182618434.0
5.6,27100030.0
5.3,29062561.0
7.3,37017955.0
6.2,44089964.0
,39053061.0
6.1,65328121.0
8.0,6197866.0
7.6,92027888.0
6.4,70187658.0
6.4,43254409.0
,659210.0
6.0,52597610.0
6.8,18492362.0
5.9,2072645.0
,431088297.0
5.9,33832741.0
5.6,58017783.0
6.3,118471320.0
6.8,3064356.0
2.9,3102550.0
7.0,58867694.0
6.3,38577772.0
6.5,19288130.0
5.7,434417.0
8.5,216335085.0
5.9,116877597.0
7.8,71502303.0
7.6,57887882.0
6.5,47958031.0
3.4,598645.0
6.8,10130108.0
,2402459.0
4.6,28563926.0
6.0,25288103.0
6.2,11892415.0
6.1,6504442.0
5.4,35161554.0
4.7,24430272.0
4.7,74339294.0
6.8,8402485.0
7.1,6946056.0
7.7,211667.0
,3081925.0
7.1,50824620.0
5.8,8712564.0
6.1,2891288.0
,13491653.0
4.8,145000989.0
6.5,34742066.0
6.4,148213377.0
7.2,81292135.0
7.1,592014.0
6.8,9871.0
4.0,6768055.0
6.1,34102780.0
4.0,26421314.0
4.8,15007991.0
5.4,49121934.0
5.3,31111260.0
6.7,69304264.0
7.5,449865.0
6.1,50877145.0
7.3,32774834.0
6.7,14395874.0
6.4,43632458.0
6.1,185577.0
5.5,37882551.0
5.5,347578.0
7.4,82234139.0
6.6,150358296.0
,125322469.0
7.3,319246193.0
6.0,402111870.0
,15122676.0
7.3,15331289.0
7.6,15541549.0
7.4,128486.0
4.5,39778599.0
6.8,15051977.0
6.7,40108697.0
6.0,7006708.0
4.6,12840842.0
5.3,31418697.0
3.3,29511112.0
7.5,36400491.0
7.3,34566746.0
5.9,69688384.0
5.4,8330720.0
5.2,40846082.0
5.6,43905746.0
7.1,2201923.0
5.0,1008849.0
5.8,10570375.0
6.7,11810854.0
6.3,32698899.0
5.0,50586000.0
6.0,4554533.0
5.3,19480739.0
,0.0
7.0,4601043.0
6.4,22751979.0
7.4,600788188.0
7.8,20553799.0
5.5,66465204.0
5.6,56684819.0
4.9,13558739.0
7.4,25593755.0
6.6,54149098.0
6.4,125304276.0
7.6,52353636.0
5.2,65653758.0
5.4,131144183.0
6.3,186740799.0
7.1,6201757.0
3.5,21176322.0
7.8,96522687.0
8.7,30980607.0
8.0,245852179.0
8.9,410640665.0
6.5,65452312.0
6.6,38120554.0
7.8,124107476.0
2.7,15911332.0
7.6,76261036.0
7.1,23530831.0
6.0,6916869.0
5.5,129094024.0
4.6,9017070.0
8.2,257730019.0
7.1,77073959.0
7.6,9015303.0
6.6,43095856.0
6.6,25296447.0
7.5,8114270.0
7.2,110461307.0
7.0,133298577.0
5.5,141930000.0
5.1,872643.0
8.0,125618201.0
5.8,1530535.0
6.6,872142.0
6.9,171091819.0
,6374789.0
7.4,2912606.0
,6491969.0
7.1,63414846.0
4.5,0.0
6.5,19161999.0
6.7,1328679.0
4.5,11532774.0
6.9,7027762.0
3.6,10097096.0
5.6,2057193.0
5.4,37384046.0
6.1,15055091.0
4.8,25195050.0
,296623634.0
,300155447.0
6.1,192769854.0
4.4,6712451.0
5.4,6852450.0
5.8,39517763.0
6.1,80571655.0
5.0,623374.0
6.9,12044087.0
7.8,24793509.0
8.3,10363341.0
6.4,77086030.0
5.7,38230435.0
3.3,5654777.0
6.6,114326736.0
6.4,88915214.0
4.0,18522064.0
3.7,16655224.0
7.3,94999143.0
4.5,42670410.0
5.6,41196.0
6.7,51970690.0
3.7,1069318.0
5.8,12398628.0
6.6,62318875.0
7.1,8535575.0
6.6,52752475.0
3.4,10447421.0
6.6,26403.0
7.1,24537621.0
6.1,28687835.0
8.4,293004164.0
,83823381.0
7.0,18761993.0
5.2,38116707.0
3.7,21468807.0
6.7,1032075.0
7.3,83077470.0
5.6,19478106.0
4.3,20384136.0
6.1,14046595.0
6.4,30695227.0
7.1,2073984.0
7.4,6777741.0
4.6,881745.0
,3347411.0
6.2,16123851.0
8.2,70511035.0
,34145.0
5.5,120150546.0
6.6,114197520.0
7.2,4859475.0
4.5,14010690.0
6.8,9427026.0
,6167817.0
5.6,68473360.0
6.8,20268825.0
6.9,100614858.0
5.2,47546796.0
4.4,12899867.0
5.7,0.0
3.3,35231365.0
6.0,52894169.0
5.7,110485654.0
,21005329.0
7.1,2077046.0
7.0,43057470.0
6.8,234750.0
,16124543.0
,24793251.0
8.5,223808164.0
6.2,22466994.0
,580862.0
,627047.0
7.2,234280354.0
7.8,107509799.0
,5529144.0
7.2,19097550.0
5.5,127188.0
8.2,5951693.0
7.5,19389454.0
,2283849.0
5.0,69148997.0
6.3,16186348.0
4.8,60400856.0
6.6,1060512.0
6.8,7460204.0
,3058380.0
,209218368.0
5.5,31726995.0
6.4,1350248.0
7.0,28563179.0
6.9,78120196.0
7.9,5128124.0
6.7,377556.0
5.7,35990505.0
7.7,20779666.0
6.7,18317151.0
6.4,33771174.0
4.2,4142507.0
7.1,13043363.0
4.5,42436517.0
4.7,47860214.0
6.6,55485043.0
6.5,1669971.0
6.9,12831121.0
7.2,77233467.0
6.6,29795299.0
6.3,16862585.0
5.8,40914068.0
6.1,32647042.0
3.7,11578022.0
6.9,780326.0
5.9,1090947.0
6.5,155464351.0
7.9,119519402.0
7.1,41227069.0
6.2,6882696.0
4.3,113805681.0
5.9,0.0
,56094360.0
6.4,134508551.0
4.9,5018450.0
7.4,61979680.0
6.7,179883157.0
7.9,26902075.0
3.4,8064972.0
6.1,25059640.0
5.7,58156435.0
5.0,32267774.0
6.4,107492.0
5.4,6291602.0
7.4,3121270.0
8.2,26236603.0
6.0,46213824.0
6.2,70278893.0
3.7,28946615.0
6.9,12482775.0
6.3,37760080.0
5.3,10275638.0
5.7,161491646.0
5.8,15417771.0
6.3,182805123.0
6.5,6047856.0
5.9,20982478.0
,83898313.0
6.4,12482741.0
7.4,157299717.0
7.8,214949694.0
6.9,234362462.0
6.2,25572.0
7.1,101384023.0
4.1,26873932.0
6.3,882710.0
,69586544.0
7.7,9180275.0
5.0,43337279.0
,396035.0
7.0,97690976.0
6.7,2426851.0
7.6,53359917.0
6.2,115821495.0
6.7,15285588.0
,13649881.0
,19762690.0
4.5,58163.0
7.2,11001272.0
,28045540.0
6.8,2080693.0
6.4,45172250.0
7.8,75590286.0
7.0,31452765.0
,33080084.0
3.4,11989328.0
5.7,45575336.0
6.7,93828745.0
