Sensor_1,Sensor_2,Sensor_3,Sensor_4,Status
14.161,14.255,13.657,58.989,Yellow
21.341,20.094,14.489,70.697,Red
21.674,20.433,13.804,69.272,Green
15.834,15.591,18.119,75.727,Red
12.898,13.186,8.127,42.537,Red
22.583,21.015,15.593,75.667,Green
18.546,17.803,5.303,39.57,Red
22.387,20.815,7.607,50.006,Red
19.77,18.854,7.42,45.702,Yellow
20.407,19.265,18.533,77.28,Red
23.736,22.052,9.565,55.944,Red
15.903,15.736,18.744,80.129,Red
14.337,14.425,18.161,73.657,Red
21.994,20.764,15.992,75.543,Green
23.01,21.629,19.735,82.132,Green
14.347,14.402,9.222,48.748,Red
27.339,24.863,11.413,71.68,Yellow
14.028,14.234,12.509,54.734,Red
27.685,25.109,7.266,56.571,Red
14.165,14.337,15.437,64.349,Red
13.238,13.706,16.265,72.924,Red
29.916,26.894,11.565,70.994,Red
21.037,19.906,19.439,85.852,Red
14.133,14.092,5.728,36.248,Red
21.508,20.148,6.66,50.754,Yellow
15.057,14.935,15.618,64.568,Green
23.136,21.395,18.891,91.473,Yellow
22.856,21.28,7.099,53.966,Green
17.598,16.994,18.494,77.031,Green
17.774,17.299,9.275,50.408,Red
17.083,16.598,14.059,63.203,Red
10.835,11.751,16.063,61.103,Red
17.848,17.312,11.086,56.083,Red
20.075,19.092,18.368,77.896,Yellow
18.917,18.137,8.086,42.766,Red
15.808,15.687,11.902,55.754,Red
28.293,25.708,19.315,94.042,Red
12.325,12.78,13.151,58.044,Red
14.193,14.325,14.59,60.506,Yellow
29.265,26.335,11.32,67.656,Yellow
18.954,18.148,5.214,40.9,Green
29.559,26.795,18.017,87.546,Green
19.513,18.745,15.567,74.811,Yellow
26.456,24.074,16.559,87.619,Green
14.591,14.55,8.288,39.917,Red
22.0,20.716,5.668,47.62,Yellow
15.292,15.344,8.568,40.715,Red
15.971,15.855,6.87,38.846,Green
26.498,24.304,13.865,79.615,Green
23.09,21.386,17.843,84.767,Yellow
15.817,15.677,9.978,46.8,Red
13.975,14.164,7.937,38.805,Red
15.818,15.71,12.405,57.364,Red
29.064,26.232,14.723,78.377,Red
16.726,16.266,15.422,67.175,Red
26.523,24.319,14.59,78.207,Green
24.634,22.773,13.832,76.649,Green
28.133,25.516,9.616,64.11,Yellow
21.495,19.996,16.429,74.585,Green
16.437,16.277,5.906,39.548,Red
12.269,12.811,7.138,37.514,Red
15.839,15.654,15.503,64.782,Red
10.616,11.325,6.789,34.565,Green
18.447,17.784,9.538,53.758,Red
29.548,26.598,5.909,46.514,Red
28.08,25.345,18.474,92.85,Yellow
24.01,22.171,12.063,62.501,Red
11.962,12.493,17.156,69.495,Red
10.085,11.071,5.947,26.163,Red
20.378,19.333,10.535,59.036,Yellow
21.16,19.878,16.246,79.316,Green
22.336,20.87,14.625,71.34,Green
22.005,20.678,6.61,47.426,Red
22.692,21.112,9.598,54.972,Yellow
27.794,25.248,11.752,70.812,Yellow
14.729,14.793,5.254,34.577,Red
18.874,18.145,6.819,43.116,Red
20.539,19.321,8.538,48.455,Yellow
11.137,12.025,18.908,68.869,Green
11.457,12.23,7.504,40.195,Red
27.369,24.815,19.902,93.278,Green
11.352,11.907,16.598,65.557,Red
29.424,26.531,18.888,89.249,Yellow
22.446,21.01,15.317,73.119,Green
16.644,16.124,11.875,55.409,Red
28.951,26.095,11.662,71.527,Yellow
28.527,25.846,7.702,57.538,Yellow
23.819,22.13,6.26,43.27,Green
23.65,21.843,18.922,80.852,Green
28.105,25.493,11.101,71.797,Red
29.853,26.993,15.507,80.918,Yellow
24.827,22.744,15.461,78.442,Red
25.04,22.976,11.948,71.617,Yellow
19.446,18.353,8.826,51.802,Red
13.223,13.524,6.289,39.318,Green
27.178,24.564,5.203,50.833,Green
17.662,17.153,14.78,67.168,Red
24.761,22.823,6.588,52.005,Yellow
28.541,25.981,8.694,64.939,Yellow
21.226,20.016,13.129,67.921,Green
25.51,23.413,15.997,81.575,Green
29.193,26.236,18.765,92.113,Green
13.33,13.678,6.352,35.854,Red
29.661,26.733,16.905,79.505,Green
16.164,15.89,5.818,35.189,Red
21.925,20.545,5.969,48.756,Yellow
28.007,25.53,11.48,72.018,Yellow
16.862,16.585,18.194,76.756,Red
23.361,21.527,13.014,66.842,Green
16.723,16.3,18.172,78.24,Red
26.966,24.427,12.61,68.935,Green
13.465,13.697,9.227,37.005,Red
24.133,22.328,10.458,64.594,Yellow
13.852,14.068,10.605,45.699,Red
13.387,13.728,8.187,38.995,Yellow
29.433,26.512,19.059,90.171,Green
20.517,19.397,7.93,49.155,Green
16.91,16.501,17.259,74.313,Green
11.047,11.73,12.506,55.82,Red
27.882,25.205,18.241,90.82,Green
11.539,12.203,17.333,68.993,Green
23.207,21.46,8.765,52.188,Yellow
23.038,21.399,12.481,66.092,Green
23.696,21.914,8.839,56.027,Yellow
22.416,21.088,16.759,81.388,Green
22.198,20.867,14.756,67.138,Yellow
11.331,12.187,14.339,57.709,Yellow
16.056,16.006,17.613,72.046,Red
21.218,19.939,10.391,56.09,Yellow
20.461,19.434,11.34,62.248,Yellow
23.648,21.927,7.933,54.437,Red
26.437,24.104,13.77,69.748,Red
21.817,20.528,10.407,58.703,Green
10.371,11.339,10.473,40.165,Red
23.26,21.631,9.255,55.352,Yellow
23.849,22.111,13.674,73.584,Green
19.881,18.884,10.064,55.623,Red
21.5,20.247,12.693,67.196,Green
11.73,12.395,19.789,76.405,Red
22.111,20.739,19.306,86.046,Yellow
18.916,18.241,14.825,73.727,Red
19.391,18.417,5.757,44.93,Red
16.064,15.727,17.559,70.159,Red
19.546,18.735,6.027,40.814,Red
29.462,26.534,13.3,79.875,Green
10.703,11.514,9.081,42.953,Yellow
22.972,21.337,10.744,56.657,Yellow
24.372,22.565,9.738,56.939,Green
23.364,21.731,16.829,77.567,Green
18.253,17.753,8.9,42.169,Red
15.245,15.252,19.627,80.06,Red
15.836,15.801,13.487,62.722,Red
24.298,22.289,11.701,63.672,Yellow
24.783,22.575,8.91,58.796,Red
24.513,22.475,12.987,66.274,Green
24.862,22.862,11.575,69.007,Yellow
14.495,14.643,17.308,64.269,Green
25.037,23.028,5.016,48.479,Red
19.777,18.774,15.281,69.558,Green
19.556,18.592,9.729,59.79,Yellow
22.986,21.385,17.514,80.123,Green
29.736,26.801,9.895,70.092,Green
29.829,26.943,16.321,80.116,Green
10.893,11.686,10.601,45.022,Red
23.36,21.556,13.765,69.747,Green
28.276,25.664,8.422,61.346,Red
24.307,22.242,8.827,59.857,Yellow
15.911,15.754,9.327,47.246,Red
16.166,15.949,5.457,34.866,Yellow
24.479,22.522,8.155,57.929,Green
10.115,10.956,5.138,27.269,Red
26.752,24.529,18.728,92.229,Green
29.607,26.563,15.031,79.048,Red
25.284,23.176,11.226,65.499,Red
15.909,15.546,11.68,53.136,Red
21.789,20.469,18.409,85.558,Green
28.02,25.479,7.578,58.478,Green
18.759,18.023,14.64,70.74,Red
22.96,21.336,7.318,48.491,Yellow
17.802,17.344,18.454,75.2,Red
19.44,18.462,5.974,45.046,Green
20.035,19.079,16.386,71.482,Red
27.648,25.207,19.899,92.834,Green
11.79,12.278,10.689,47.477,Red
22.964,21.394,7.548,50.17,Red
19.119,18.273,12.075,58.152,Red
22.429,20.916,19.65,84.974,Red
11.463,12.142,19.284,73.914,Red
20.7,19.631,15.31,75.091,Yellow
17.819,17.334,6.598,45.451,Red
17.194,16.874,10.858,57.881,Red
20.188,19.403,16.354,78.862,Green
17.342,16.874,6.317,36.883,Red
28.058,25.338,10.032,64.597,Yellow
12.886,13.472,11.649,46.787,Red
24.534,22.639,16.005,80.239,Green
13.546,13.818,16.781,59.276,Red
11.024,11.68,13.566,52.378,Red
26.478,24.083,8.54,58.368,Yellow
24.953,22.957,7.648,49.422,Yellow
27.425,25.014,14.355,77.43,Yellow
25.9,23.631,10.628,63.309,Red
14.979,15.024,17.509,70.919,Red
18.094,17.607,16.809,77.351,Red
12.736,13.036,12.156,50.289,Red
20.733,19.669,7.815,46.732,Red
28.891,26.191,12.389,74.333,Green
26.29,23.89,16.43,84.694,Green
28.396,25.796,13.018,68.977,Green
24.669,22.813,6.074,54.353,Yellow
17.283,16.82,13.903,63.833,Red
20.093,19.095,14.911,67.702,Red
23.291,21.408,7.198,51.348,Yellow
19.09,18.178,19.494,82.779,Yellow
15.581,15.451,15.211,65.805,Red
19.266,18.288,9.861,56.871,Red
23.135,21.7,6.097,50.03,Yellow
18.432,17.878,8.025,44.916,Red
24.361,22.559,7.405,52.011,Yellow
29.868,26.838,6.823,59.124,Yellow
22.249,20.609,9.318,55.919,Yellow
17.225,16.784,12.313,59.902,Red
21.193,19.975,14.884,78.217,Green
28.837,26.074,8.276,63.234,Green
25.429,23.441,12.24,71.026,Yellow
10.977,11.971,7.315,34.852,Red
11.701,12.413,6.948,32.612,Red
18.285,17.599,14.871,69.815,Red
18.428,17.841,14.946,67.12,Red
13.744,13.967,6.936,35.835,Yellow
19.542,18.651,8.565,49.209,Red
26.541,24.358,6.305,51.045,Yellow
17.849,17.388,16.62,69.95,Red
23.085,21.422,18.901,82.228,Red
28.719,26.142,7.992,56.187,Yellow
12.548,13.223,6.545,41.143,Red
26.527,24.232,15.222,80.5,Green
12.48,12.796,7.077,39.882,Green
22.41,20.88,5.363,43.006,Yellow
25.836,23.416,6.603,55.768,Yellow
27.505,24.992,12.126,67.961,Green
23.822,21.946,15.033,77.415,Green
21.299,19.977,12.653,65.606,Green
18.767,18.189,14.451,64.7,Yellow
17.094,16.605,15.4,62.175,Red
20.317,19.365,8.115,50.072,Yellow
28.409,25.832,12.983,73.641,Yellow
24.533,22.634,9.603,57.476,Green
23.259,21.665,10.575,59.786,Green
25.066,23.016,14.645,73.941,Green
23.033,21.432,10.646,65.864,Yellow
12.995,13.404,7.859,38.173,Green
15.832,15.6,16.605,69.637,Red
24.92,22.915,12.118,67.946,Red
18.82,18.101,11.798,58.203,Red
18.283,17.562,5.255,33.44,Yellow
10.819,11.615,12.46,58.589,Green
26.482,24.198,9.436,61.874,Yellow
25.011,23.012,14.269,74.705,Green
13.149,13.498,19.569,79.495,Red
21.066,19.669,17.011,79.733,Green
13.449,13.761,13.481,58.898,Red
16.652,16.353,18.434,74.439,Red
13.049,13.515,11.648,47.419,Red
17.513,16.847,8.553,47.93,Yellow
21.318,20.121,10.806,60.445,Yellow
23.632,21.862,5.916,49.827,Yellow
11.58,12.145,12.632,55.723,Red
25.393,23.163,10.913,69.003,Yellow
12.512,12.927,19.631,76.033,Green
24.217,22.387,19.862,89.996,Red
14.619,14.726,14.128,61.25,Red
16.546,16.448,17.897,76.674,Red
18.018,17.414,5.903,40.527,Red
17.617,17.213,14.034,64.113,Yellow
26.879,24.479,17.581,86.037,Green
12.578,13.168,8.65,42.93,Red
27.252,24.767,16.38,80.215,Green
26.255,24.038,11.077,61.669,Green
27.641,25.064,18.705,90.731,Green
25.378,23.279,11.985,66.69,Yellow
21.596,20.329,12.819,64.492,Green
10.378,11.258,14.557,59.017,Red
27.438,24.982,17.057,90.089,Red
19.561,18.725,6.943,43.692,Green
22.278,20.738,15.281,70.179,Green
18.625,17.902,9.114,42.06,Red
18.704,17.944,9.49,54.026,Red
18.235,17.698,16.901,73.678,Green
22.681,21.194,19.817,89.622,Green
15.408,15.29,12.664,60.053,Red
23.955,22.214,16.587,76.266,Red
27.228,24.873,19.128,95.247,Green
21.052,19.649,19.997,89.107,Green
15.018,14.946,7.469,43.133,Red
14.918,14.93,17.53,72.515,Red
20.695,19.571,15.091,73.032,Green
25.411,23.327,17.4,81.823,Green
28.648,25.867,12.483,72.275,Red
24.144,22.355,16.97,84.395,Green
27.395,24.9,7.053,55.702,Yellow
13.909,14.072,6.049,36.459,Red
26.461,24.028,7.02,54.937,Green
14.694,14.68,14.68,65.929,Red
19.672,18.621,15.894,73.431,Red
21.208,19.99,18.294,81.887,Yellow
16.583,16.326,15.374,68.706,Red
21.272,20.118,15.318,75.684,Yellow
13.25,13.634,19.734,73.193,Red
13.544,13.792,18.461,70.858,Red
28.476,25.801,5.521,49.478,Yellow
29.681,26.6,16.141,80.24,Green
12.494,12.823,5.575,32.025,Red
20.789,19.605,15.667,73.604,Green
10.427,11.351,16.756,63.738,Yellow
18.889,18.247,10.366,51.88,Red
15.647,15.508,13.254,64.522,Red
15.185,15.061,17.229,69.888,Red
13.145,13.415,16.225,67.721,Green
28.214,25.479,10.755,65.757,Yellow
15.004,14.88,19.726,78.418,Red
16.34,16.061,8.764,48.254,Red
11.221,12.011,12.464,50.595,Yellow
23.227,21.524,16.364,79.482,Green
22.211,20.69,9.72,52.796,Green
25.34,23.301,14.744,72.448,Green
23.448,21.791,5.946,53.053,Yellow
23.139,21.513,12.432,66.121,Green
21.376,20.297,11.134,57.233,Yellow
12.448,13.099,15.852,63.864,Green
13.062,13.35,10.201,47.549,Red
14.976,14.988,11.513,51.722,Red
22.477,20.86,10.315,57.965,Yellow
19.238,18.409,8.375,46.474,Red
11.036,11.688,10.667,47.663,Red
13.726,13.999,13.884,54.391,Yellow
28.527,25.852,11.442,67.341,Yellow
17.46,16.902,10.022,49.879,Red
28.788,25.91,14.305,77.523,Green
23.616,21.886,11.679,66.293,Yellow
17.182,16.688,8.051,49.66,Red
17.647,17.263,15.128,67.072,Yellow
26.406,23.975,9.849,65.908,Red
29.042,26.169,6.483,55.186,Red
15.56,15.503,14.153,59.536,Green
19.801,18.706,5.828,44.507,Red
25.979,23.665,16.213,83.547,Green
24.652,22.705,15.524,74.816,Green
28.691,25.855,7.536,59.842,Red
22.34,20.902,12.574,60.584,Red
14.968,15.009,5.884,39.101,Red
16.923,16.434,7.817,41.143,Red
15.756,15.702,9.223,43.341,Red
12.115,12.584,9.273,42.124,Green
21.342,20.11,15.883,80.464,Yellow
14.617,14.622,19.326,71.565,Red
29.742,26.75,19.622,99.019,Green
29.112,26.369,6.084,55.127,Yellow
17.557,16.924,10.537,51.034,Red
19.763,18.877,9.21,53.839,Yellow
11.029,11.784,11.461,48.583,Red
21.086,19.778,5.172,43.124,Yellow
18.388,17.635,10.289,57.553,Yellow
15.489,15.455,17.536,67.117,Yellow
25.911,23.597,8.473,58.044,Yellow
29.293,26.331,19.574,93.447,Green
26.931,24.527,10.421,65.59,Yellow
22.6,21.095,14.876,66.952,Green
14.757,14.792,9.178,46.614,Green
20.926,19.643,13.76,63.871,Green
18.345,17.715,12.488,58.435,Red
26.09,23.74,15.453,76.866,Green
23.737,22.009,10.739,64.106,Yellow
21.3,19.972,8.902,55.178,Yellow
18.639,17.77,6.229,45.463,Yellow
22.405,20.868,17.488,81.65,Green
24.149,22.274,14.393,74.23,Green
29.242,26.374,18.418,95.328,Red
19.04,18.446,6.443,43.918,Red
23.91,22.144,13.206,68.223,Red
18.163,17.403,5.089,36.848,Yellow
10.445,11.459,15.014,59.977,Red
22.664,21.143,11.943,66.265,Yellow
11.193,11.851,16.239,64.508,Red
25.021,22.946,16.377,84.176,Yellow
28.326,25.634,10.93,69.164,Yellow
14.283,14.586,16.32,69.321,Red
27.656,25.199,6.511,57.593,Yellow
29.856,26.796,7.534,62.494,Yellow
23.727,22.052,7.13,51.494,Yellow
29.656,26.649,11.036,69.282,Green
27.351,24.821,8.43,56.374,Red
28.983,26.14,5.829,51.884,Yellow
11.18,12.038,6.852,32.112,Red
22.181,20.875,13.446,67.364,Green
29.176,26.409,10.049,65.324,Yellow
27.189,24.81,9.189,57.24,Yellow
11.372,12.247,13.044,48.61,Red
28.345,25.804,7.727,56.502,Red
15.841,15.591,12.473,55.19,Green
24.534,22.839,14.047,70.284,Yellow
16.963,16.564,10.573,53.14,Red
20.872,19.645,16.392,77.684,Red
29.129,26.284,9.081,63.659,Green
16.174,15.956,15.358,68.049,Red
20.987,19.866,16.139,77.764,Red
20.699,19.723,19.362,82.402,Red
23.405,21.719,17.402,77.324,Green
28.254,25.848,6.846,54.931,Green
20.058,18.936,15.834,76.205,Red
29.435,26.438,12.328,71.112,Red
17.456,16.977,18.518,80.155,Red
26.427,24.201,7.382,53.833,Yellow
27.282,24.777,17.186,88.039,Green
20.982,19.836,6.493,42.912,Red
16.642,16.187,10.166,48.363,Red
19.824,18.765,6.383,50.074,Yellow
27.763,25.26,15.007,85.293,Green
10.319,11.415,6.762,39.269,Red
12.944,13.446,7.158,37.082,Red
21.769,20.356,9.633,55.189,Yellow
17.074,16.863,7.692,41.06,Red
11.303,11.817,16.347,60.585,Red
13.376,13.74,15.253,63.246,Green
29.188,26.288,11.173,68.254,Yellow
10.598,11.38,11.756,49.269,Green
27.326,24.889,9.594,61.478,Green
20.424,19.403,9.934,50.795,Yellow
23.376,21.79,7.014,52.174,Green
11.342,12.182,18.941,67.342,Red
13.544,13.865,6.005,33.479,Red
25.242,23.306,6.472,49.928,Green
20.754,19.681,14.932,73.685,Green
23.682,21.98,7.989,54.407,Red
16.383,16.136,12.101,52.902,Red
11.091,11.766,5.034,29.927,Red
11.155,11.995,8.46,37.642,Green
21.612,20.407,8.028,52.718,Yellow
17.901,17.229,12.486,57.495,Yellow
12.002,12.556,12.467,57.131,Red
20.06,18.897,8.068,50.239,Green
28.172,25.7,13.849,75.364,Green
20.902,19.648,8.859,47.768,Red
28.453,25.895,10.438,67.215,Green
11.872,12.395,16.135,59.308,Green
16.519,16.284,5.685,36.263,Red
14.466,14.525,12.117,52.662,Red
29.233,26.459,11.694,71.94,Red
16.09,15.865,17.804,75.107,Red
14.099,14.24,10.072,48.091,Red
12.481,13.143,16.208,65.411,Red
29.046,26.124,7.041,65.927,Yellow
25.246,23.201,6.3,53.06,Yellow
18.477,17.611,8.926,53.625,Yellow
13.51,13.827,9.759,42.591,Yellow
10.94,11.685,13.004,52.802,Red
15.386,15.459,11.817,51.814,Red
23.958,22.108,15.327,78.738,Green
11.481,12.205,6.275,30.865,Red
10.488,11.29,10.645,46.958,Yellow
23.172,21.411,6.801,46.508,Yellow
28.496,25.757,10.811,65.815,Yellow
22.673,21.046,14.18,65.939,Green
15.624,15.461,18.646,80.262,Yellow
25.528,23.33,7.233,56.259,Red
29.432,26.595,16.808,88.688,Green
15.826,15.65,6.036,37.088,Red
19.256,18.599,12.454,67.652,Red
16.951,16.448,17.755,72.08,Red
13.775,13.896,6.004,36.395,Red
26.157,23.795,10.498,62.915,Yellow
12.596,13.149,9.2,41.697,Yellow
10.624,11.334,7.471,35.883,Red
29.8,26.629,15.904,84.059,Green
26.111,23.936,13.176,70.066,Green
17.522,17.204,9.285,54.01,Red
25.499,23.34,12.141,67.891,Yellow
28.271,25.5,18.385,92.688,Green
26.064,23.867,5.646,53.792,Red
14.382,14.519,18.741,75.401,Red
20.759,19.661,9.48,54.576,Yellow
17.215,16.792,9.542,49.778,Red
27.611,25.146,18.85,90.259,Green
19.651,18.805,8.76,50.929,Red
17.037,16.716,18.602,80.651,Red
27.621,25.056,15.614,83.899,Green
23.867,22.143,19.363,84.96,Green
24.266,22.333,18.566,84.322,Red
22.985,21.27,10.956,59.281,Yellow
24.822,22.796,14.086,77.795,Green
28.67,26.125,7.52,62.838,Red
17.652,17.241,18.006,75.256,Red
19.636,18.661,16.487,75.165,Red
23.33,21.661,10.443,57.826,Red
12.349,12.84,15.247,61.116,Red
16.015,15.603,10.838,55.169,Yellow
29.433,26.507,7.86,64.539,Yellow
27.602,25.142,11.007,64.668,Yellow
24.81,22.913,8.941,54.936,Yellow
12.529,13.14,15.586,61.994,Red
18.3,17.469,16.868,72.095,Red
28.585,25.748,11.777,71.634,Yellow
19.73,18.792,13.851,68.008,Red
28.535,25.771,15.734,80.455,Green
19.379,18.603,10.524,54.784,Red
22.38,20.97,11.855,63.893,Green
11.295,12.047,10.463,49.056,Red
29.194,26.196,7.979,64.193,Yellow
16.708,16.364,10.702,51.414,Yellow
19.576,18.728,9.801,55.76,Red
12.648,13.054,12.451,51.879,Green
28.544,26.244,8.685,65.767,Yellow
19.147,18.389,11.03,57.63,Red
13.624,13.892,9.846,46.755,Red
15.741,15.576,18.791,81.474,Red
11.563,12.253,19.855,74.388,Red
12.299,12.718,6.58,34.421,Red
23.972,22.388,11.689,65.55,Red
18.805,18.103,19.978,82.324,Red
16.151,15.873,6.46,37.33,Red
27.905,25.262,17.256,89.66,Green
25.118,22.966,11.851,68.342,Red
13.294,13.744,9.143,44.99,Red
15.884,15.594,19.404,79.751,Red
28.912,25.939,14.828,81.82,Red
22.3,20.734,7.699,51.749,Yellow
19.415,18.628,10.904,54.993,Red
23.353,21.872,18.659,85.052,Red
19.596,18.686,13.276,63.264,Red
28.074,25.589,12.077,73.189,Yellow
14.319,14.54,8.374,40.222,Red
12.617,13.085,14.466,60.467,Red
19.213,18.268,13.428,57.605,Green
20.724,19.672,7.598,52.113,Yellow
23.84,21.988,7.39,46.656,Yellow
17.834,17.217,11.8,62.015,Red
23.958,22.002,15.569,78.817,Green
13.471,13.819,18.232,67.804,Red
10.981,11.717,9.799,44.279,Red
15.779,15.795,6.655,41.114,Yellow
23.271,21.646,9.658,61.004,Yellow
26.865,24.483,5.721,49.589,Yellow
15.79,15.62,17.117,73.516,Green
12.485,12.847,6.446,38.004,Green
26.896,24.454,14.486,81.491,Green
18.026,17.283,15.242,72.063,Red
25.65,23.462,7.882,58.308,Yellow
15.428,15.301,19.548,79.473,Red
14.454,14.396,8.534,45.1,Green
11.368,12.19,11.376,52.446,Yellow
25.977,23.742,17.105,81.322,Green
28.752,25.994,10.401,62.967,Red
12.609,13.063,18.61,71.046,Red
20.325,19.218,7.176,45.721,Red
27.701,25.213,12.714,69.548,Green
17.89,17.31,12.574,59.123,Yellow
11.734,12.442,5.036,30.285,Green
11.843,12.475,11.868,51.197,Red
22.983,21.414,17.553,81.486,Green
23.806,21.96,18.82,93.339,Green
16.293,15.983,16.391,65.683,Red
19.06,18.395,18.204,79.056,Red
27.953,25.317,19.115,94.179,Green
23.52,21.785,17.329,86.131,Green
12.471,12.822,14.227,58.745,Red
28.286,25.542,10.737,67.577,Yellow
28.766,25.994,16.835,85.259,Yellow
16.918,16.383,7.895,41.984,Red
10.841,11.771,6.697,31.231,Red
28.389,25.611,9.572,58.985,Yellow
19.907,18.985,8.065,49.248,Red
21.306,19.907,8.453,53.4,Red
16.814,16.605,9.522,49.779,Green
25.59,23.406,9.093,57.111,Yellow
29.834,26.936,9.811,72.315,Yellow
14.402,14.488,8.289,43.718,Red
21.404,20.185,13.976,68.982,Green
24.783,22.844,8.868,62.057,Yellow
19.924,18.991,17.579,80.545,Red
12.094,12.67,18.137,71.351,Red
23.891,22.075,5.925,42.021,Yellow
11.293,12.012,12.68,49.493,Green
27.825,25.225,19.282,94.945,Yellow
26.868,24.499,14.291,73.923,Green
21.563,20.215,5.571,42.723,Yellow
11.699,12.393,6.054,34.675,Red
24.109,22.191,5.587,46.581,Yellow
29.626,26.637,6.341,57.465,Yellow
28.76,25.818,5.562,54.459,Red
29.881,26.959,7.977,64.128,Yellow
21.055,19.886,19.069,85.457,Red
18.148,17.477,8.756,44.605,Red
25.817,23.675,11.927,66.791,Yellow
20.742,19.463,9.025,56.41,Yellow
27.297,24.483,5.369,48.413,Yellow
25.606,23.596,15.402,77.567,Yellow
22.327,20.805,6.206,49.456,Yellow
21.561,20.181,15.051,75.603,Green
18.467,17.539,14.1,66.234,Red
20.055,18.999,18.631,75.241,Red
22.473,20.817,11.981,69.184,Yellow
26.483,24.193,11.803,69.303,Yellow
26.756,24.304,18.33,85.495,Green
17.414,16.859,7.193,42.089,Red
20.974,19.725,6.042,44.975,Yellow
25.823,23.577,7.856,52.075,Yellow
16.046,15.873,16.331,68.718,Green
21.739,20.367,6.904,45.288,Yellow
15.664,15.509,14.868,57.554,Yellow
11.877,12.529,17.239,60.472,Yellow
20.217,19.093,9.943,54.849,Yellow
21.054,19.912,18.872,80.583,Red
29.469,26.749,6.429,63.865,Red
25.743,23.597,6.861,46.266,Yellow
19.734,18.898,13.986,65.434,Red
27.926,25.211,7.902,58.658,Yellow
23.59,21.764,11.53,61.341,Yellow
27.049,24.593,8.805,58.548,Yellow
12.863,13.248,15.642,63.313,Red
18.788,17.937,16.622,73.295,Red
14.501,14.549,8.717,46.229,Red
18.702,18.055,15.735,71.788,Red
10.841,11.672,14.942,62.63,Red
28.474,25.717,12.891,71.233,Green
24.352,22.593,12.095,68.261,Red
17.401,16.993,7.324,47.284,Red
24.51,22.547,18.226,83.957,Green
20.267,19.264,19.82,89.509,Green
17.848,17.32,16.34,72.417,Red
27.099,24.808,8.742,57.514,Yellow
20.059,19.036,13.247,67.531,Red
17.452,16.936,6.852,43.828,Green
20.984,19.842,16.499,73.639,Green
12.756,13.185,9.182,40.443,Red
17.695,17.179,9.514,49.12,Red
17.193,16.652,14.688,64.011,Red
10.566,11.261,9.859,42.675,Red
24.783,22.862,5.983,57.58,Green
14.945,15.131,11.731,52.904,Yellow
16.488,16.237,6.295,41.487,Red
21.111,19.817,9.831,56.347,Green
22.652,21.093,8.418,52.015,Yellow
10.926,11.851,14.841,63.786,Red
23.435,21.826,8.602,55.442,Red
20.589,19.606,8.23,52.423,Red
15.78,15.576,15.114,67.924,Yellow
11.231,12.064,11.412,49.641,Red
20.893,19.631,14.108,68.03,Green
23.899,22.11,13.558,70.919,Green
28.276,25.724,11.82,74.166,Yellow
17.577,16.891,14.694,68.455,Red
24.21,22.258,15.562,74.454,Green
20.82,19.592,13.267,72.746,Green
16.084,15.931,7.606,42.519,Red
15.888,15.742,19.082,81.57,Red
26.192,23.963,7.982,54.997,Red
19.934,18.966,6.472,40.013,Red
17.644,17.148,18.692,78.585,Red
12.471,13.099,17.866,65.763,Red
13.929,14.147,19.288,81.057,Red
17.873,17.226,7.504,42.699,Yellow
18.13,17.491,8.643,44.063,Red
29.867,26.983,9.236,60.943,Yellow
21.757,20.366,13.087,62.568,Green
11.381,12.16,9.889,41.094,Red
17.769,17.362,6.267,44.242,Red
20.074,19.097,5.691,36.677,Red
20.173,19.137,13.67,60.074,Green
18.483,17.892,9.147,55.191,Yellow
13.98,14.167,9.889,50.206,Red
14.439,14.41,6.748,34.82,Red
29.949,26.885,18.712,89.868,Green
23.193,21.775,17.065,78.879,Green
28.512,25.772,16.267,83.631,Yellow
17.244,16.815,11.988,54.129,Green
27.027,24.681,13.828,78.672,Green
22.624,21.056,5.219,42.025,Green
23.071,21.395,7.056,50.152,Yellow
19.14,18.461,5.258,44.326,Red
14.145,14.617,7.096,40.67,Red
11.589,12.256,15.227,61.481,Red
17.221,16.63,14.918,71.076,Red
10.787,11.549,14.658,56.65,Red
15.67,15.523,5.759,37.113,Red
26.384,24.023,9.181,64.249,Green
11.796,12.388,18.737,72.26,Red
12.766,13.085,17.866,67.871,Yellow
14.51,14.591,9.812,51.715,Yellow
12.906,13.313,7.533,40.181,Red
25.974,23.917,15.275,73.319,Red
18.854,18.019,15.567,67.93,Red
20.553,19.376,9.162,52.089,Yellow
16.471,16.212,14.861,65.52,Red
16.032,15.684,5.672,30.777,Red
21.908,20.515,12.087,67.485,Yellow
23.335,21.67,9.948,59.253,Red
23.874,22.205,9.06,52.435,Yellow
14.554,14.502,18.076,72.358,Yellow
12.511,13.155,18.004,67.412,Red
13.027,13.382,10.112,44.557,Red
15.912,15.78,17.077,71.878,Green
24.855,23.097,17.293,80.718,Green
15.264,15.345,6.453,35.436,Red
15.904,15.667,6.859,37.427,Green
14.63,14.627,14.178,60.084,Red
10.774,11.546,16.641,61.819,Red
17.472,16.823,11.457,51.476,Red
10.689,11.444,16.551,67.527,Red
26.842,24.508,13.699,75.992,Green
13.119,13.521,19.323,74.669,Red
15.81,15.697,9.667,47.638,Red
12.794,13.297,19.291,73.817,Red
29.979,26.739,14.271,75.973,Green
27.028,24.679,13.223,69.405,Green
10.642,11.703,11.748,52.908,Red
12.163,12.761,6.804,38.181,Red
16.877,16.616,14.953,68.734,Red
19.702,18.78,10.363,48.115,Yellow
15.385,15.51,7.792,43.152,Red
23.044,21.675,13.17,64.625,Green
13.675,13.876,18.001,71.284,Yellow
20.281,19.197,9.34,54.256,Yellow
23.563,21.864,12.441,62.351,Green
29.432,26.536,14.288,77.441,Green
26.002,23.856,10.539,66.445,Red
11.347,11.98,10.36,55.095,Red
28.971,26.29,15.936,76.744,Green
27.911,25.42,12.73,77.949,Green
28.482,25.833,14.995,79.301,Red
15.959,15.861,7.215,45.401,Red
20.815,19.726,5.492,43.53,Yellow
12.586,13.209,14.557,58.701,Red
24.169,22.237,14.012,73.576,Yellow
20.432,19.311,9.482,50.868,Yellow
15.685,15.576,7.543,39.333,Red
19.821,18.983,7.25,42.498,Red
19.692,18.766,5.433,36.57,Red
26.674,24.2,19.613,88.005,Green
15.894,15.686,12.64,59.931,Red
10.294,11.232,12.142,52.306,Red
21.586,20.303,9.147,59.122,Yellow
29.264,26.36,11.917,74.278,Yellow
18.515,17.803,9.768,50.81,Red
17.319,16.937,8.123,40.421,Red
15.113,14.985,9.766,53.711,Yellow
24.322,22.516,9.015,56.608,Red
15.605,15.437,17.674,74.494,Red
25.699,23.459,6.973,51.914,Yellow
17.192,16.815,18.299,74.878,Yellow
21.933,20.431,15.805,75.127,Green
27.23,24.882,14.749,77.288,Green
19.8,18.99,15.636,64.727,Green
15.727,15.789,16.677,67.107,Red
18.822,18.154,11.148,59.086,Red
20.906,19.761,17.329,79.622,Green
27.771,25.16,15.664,79.666,Green
21.114,19.909,12.213,59.755,Yellow
26.4,24.015,15.947,78.603,Red
24.318,22.402,8.042,53.364,Yellow
18.206,17.463,19.233,77.128,Red
29.787,26.665,11.165,70.92,Red
27.43,24.846,16.322,82.205,Green
28.803,25.921,17.2,91.628,Green
12.867,13.177,13.167,53.756,Red
13.52,13.712,18.209,79.102,Green
27.052,24.694,15.24,83.757,Green
29.762,26.904,10.003,70.147,Yellow
18.865,17.953,10.337,52.349,Red
13.921,14.017,7.681,49.365,Red
23.207,21.529,19.162,85.614,Green
26.915,24.437,18.3,86.828,Green
17.527,16.968,19.644,80.466,Green
10.885,11.793,17.93,69.698,Red
28.637,25.867,10.196,59.891,Red
27.779,25.134,6.083,47.659,Yellow
14.145,14.21,19.503,71.518,Red
21.393,20.118,6.584,43.49,Yellow
21.016,19.911,14.905,72.845,Green
11.289,12.007,11.118,47.092,Red
10.373,11.392,16.279,60.925,Red
28.594,25.923,8.313,58.36,Red
15.881,15.861,5.783,35.745,Red
13.756,14.066,13.006,52.52,Red
22.943,21.284,13.287,67.556,Green
24.895,22.96,9.83,61.85,Yellow
18.027,17.546,19.431,82.658,Red
10.161,11.146,13.367,53.107,Red
10.764,11.706,18.584,72.156,Green
27.485,25.061,8.09,55.37,Yellow
21.138,19.923,11.922,67.563,Yellow
24.373,22.439,5.343,50.001,Red
25.105,23.112,18.401,86.74,Yellow
18.482,17.641,10.895,53.481,Yellow
23.088,21.554,6.032,47.695,Yellow
17.932,17.36,8.355,44.332,Red
13.793,14.126,10.459,48.439,Red
27.019,24.681,12.101,69.134,Yellow
19.259,18.434,19.577,84.963,Green
19.348,18.618,14.605,69.795,Yellow
23.724,21.912,18.607,88.031,Green
16.797,16.552,6.512,40.752,Red
10.454,11.336,9.016,42.685,Red
18.181,17.603,10.583,56.238,Red
25.904,23.818,7.432,50.595,Red
26.828,24.232,5.748,46.148,Green
15.641,15.485,5.502,34.536,Red
22.066,20.513,13.729,67.498,Green
12.392,12.969,10.739,50.085,Yellow
22.459,20.883,8.872,57.945,Yellow
18.99,18.399,7.242,40.77,Red
28.666,26.031,15.033,82.767,Green
17.139,16.593,16.749,74.152,Red
24.524,22.78,13.54,71.845,Green
18.816,18.096,14.596,67.175,Red
24.679,22.534,19.386,86.41,Green
13.459,13.82,9.481,47.542,Red
27.141,24.718,10.066,63.256,Red
19.596,18.531,5.615,33.368,Red
18.248,17.677,16.962,69.472,Red
22.553,21.155,18.941,82.84,Green
26.549,24.295,8.92,58.7,Red
19.232,18.687,7.159,44.677,Green
27.253,24.841,16.423,84.929,Green
13.476,13.929,11.743,59.508,Red
24.375,22.573,16.329,80.134,Green
21.629,20.326,9.696,54.817,Yellow
10.461,11.332,9.565,41.201,Red
15.251,15.234,14.83,63.021,Red
20.646,19.442,12.272,61.852,Yellow
22.827,21.222,7.289,47.732,Yellow
17.103,16.72,8.092,40.985,Red
26.576,24.173,5.393,50.674,Yellow
12.942,13.324,15.544,58.945,Red
29.75,26.785,5.32,55.093,Yellow
25.689,23.442,7.295,59.312,Yellow
23.805,22.003,6.963,51.462,Green
14.496,14.591,5.852,39.816,Red
20.7,19.57,18.856,84.893,Yellow
23.931,22.096,12.87,68.119,Green
17.387,17.043,14.223,60.969,Red
13.4,13.795,14.796,61.208,Red
22.834,21.176,17.296,84.43,Red
17.634,17.252,5.411,39.641,Yellow
10.134,11.061,18.533,71.437,Red
15.49,15.461,5.371,37.566,Red
23.771,22.204,9.826,58.71,Yellow
21.721,20.345,5.184,46.413,Red
22.36,20.865,13.943,68.914,Green
17.79,17.17,18.307,79.752,Yellow
24.039,22.315,16.689,76.275,Green
28.259,25.568,19.843,95.535,Green
22.773,21.116,17.753,83.437,Red
11.815,12.282,16.245,61.556,Yellow
13.365,13.664,10.256,48.436,Red
10.645,11.491,18.135,63.771,Red
16.62,16.408,12.017,58.942,Red
25.28,23.233,8.115,55.373,Yellow
18.804,18.082,16.224,73.404,Red
27.659,25.178,17.491,84.252,Green
12.002,12.599,11.942,51.367,Red
16.421,16.093,5.916,40.072,Red
29.392,26.433,10.828,68.606,Yellow
13.879,14.087,19.669,78.332,Yellow
25.902,23.62,19.452,88.9,Green
27.599,24.964,16.045,80.932,Green
24.935,22.739,15.859,82.981,Green
26.749,24.283,13.291,73.326,Green
29.387,26.434,11.738,68.01,Red
17.802,17.152,5.083,38.871,Red
26.354,24.224,5.287,51.444,Red
22.385,20.937,10.989,64.077,Red
15.349,15.566,10.718,52.763,Red
16.844,16.485,18.924,74.371,Red
12.218,12.669,16.834,63.288,Green
29.663,26.737,13.945,84.283,Yellow
29.568,26.693,16.605,88.368,Yellow
16.891,16.447,18.301,74.966,Red
29.847,26.918,8.368,62.382,Yellow
23.049,21.274,8.27,58.28,Yellow
13.797,14.002,7.316,38.882,Yellow
21.317,20.018,17.711,78.041,Green
17.002,16.563,16.358,68.923,Red
29.446,26.504,18.179,85.175,Green
14.721,14.549,14.41,66.221,Red
18.77,17.999,6.892,46.476,Yellow
15.586,15.575,15.478,64.8,Red
12.18,12.792,15.564,66.057,Red
17.231,16.975,8.075,46.859,Yellow
29.488,26.462,9.703,67.56,Red
24.526,22.56,11.952,64.275,Yellow
24.456,22.535,19.839,93.02,Green
25.762,23.589,13.826,72.305,Yellow
14.495,14.555,9.822,44.424,Red
12.851,13.33,15.009,64.116,Yellow
29.123,26.292,19.024,88.375,Green
22.205,20.909,13.657,65.669,Green
27.825,25.341,15.871,78.173,Green
12.439,12.81,9.326,46.107,Yellow
14.363,14.549,15.666,67.019,Red
26.77,24.345,12.552,72.968,Green
21.468,20.064,10.423,57.653,Green
28.334,25.722,19.423,92.411,Green
17.759,17.123,13.072,60.156,Red
29.953,27.084,11.944,76.396,Yellow
16.57,16.225,14.929,62.706,Yellow
26.086,23.796,15.136,78.813,Red
15.742,15.458,15.229,68.033,Red
26.635,24.218,19.377,90.586,Green
20.534,19.443,11.906,58.241,Yellow
29.051,26.229,8.276,54.031,Yellow
28.125,25.539,17.216,88.3,Green
23.362,21.511,9.452,66.413,Red
21.702,20.499,5.673,45.376,Yellow
28.055,25.241,10.663,70.103,Yellow
14.702,14.842,11.831,51.62,Red
17.378,16.86,19.174,81.691,Red
28.981,26.129,12.23,70.655,Yellow
18.122,17.431,13.802,64.691,Yellow
22.029,20.813,6.412,43.746,Yellow
15.871,15.452,6.733,38.304,Green
15.287,15.336,7.33,40.118,Red
13.323,13.676,11.559,49.251,Red
23.085,21.537,16.029,73.783,Green
18.087,17.579,10.948,59.42,Yellow
11.578,12.31,9.514,42.347,Red
27.981,25.159,11.585,67.362,Red
19.007,18.203,8.119,52.778,Green
17.986,17.284,16.294,73.759,Yellow
18.177,17.606,8.783,45.288,Red
15.312,15.304,17.518,72.209,Red
16.016,15.816,17.555,73.76,Red
28.559,25.88,13.053,71.458,Yellow
18.209,17.549,18.414,80.926,Red
27.499,24.939,19.018,92.355,Green
29.173,26.381,8.667,66.066,Yellow
21.197,20.035,9.521,54.994,Yellow
27.679,25.122,12.447,74.727,Green
26.976,24.427,9.723,62.948,Red
12.914,13.369,13.957,53.442,Red
16.783,16.416,11.832,55.286,Red
10.072,10.898,19.408,68.162,Green
12.146,12.652,7.927,40.07,Red
18.868,18.054,6.718,44.266,Green
18.403,17.688,16.539,75.169,Red
21.127,19.942,15.915,70.216,Green
29.565,26.675,6.938,57.822,Yellow
16.791,16.461,16.16,71.56,Red
25.694,23.471,9.361,60.179,Yellow
25.6,23.484,13.107,72.833,Green
11.339,12.223,6.956,36.606,Red
16.979,16.375,16.614,72.914,Red
27.897,25.395,15.77,83.213,Yellow
19.812,18.828,18.864,76.891,Red
26.738,24.272,10.906,67.184,Red
23.157,21.429,17.582,76.826,Green
16.806,16.57,8.098,47.375,Red
12.682,13.209,10.394,45.823,Yellow
21.723,20.48,14.41,72.347,Green
10.353,11.15,9.636,42.654,Red
23.363,21.728,7.952,53.292,Red
22.513,20.967,16.239,78.099,Green
22.482,21.07,9.756,52.54,Yellow
26.503,24.118,11.494,64.779,Yellow
12.798,13.27,7.496,40.924,Red
20.011,19.034,19.668,85.889,Red
23.068,21.376,18.917,92.409,Green
16.431,16.18,9.128,41.911,Red
29.714,26.689,15.514,85.595,Green
22.038,20.61,8.295,57.399,Yellow
21.202,20.078,9.292,58.03,Yellow
29.824,26.894,18.975,90.763,Yellow
21.215,20.195,8.452,55.403,Yellow
14.064,14.034,11.64,53.64,Red
13.125,13.514,13.965,57.92,Red
16.337,15.978,8.496,42.294,Red
11.402,12.147,11.832,48.463,Green
11.599,12.219,13.451,53.764,Red
12.803,13.344,15.327,62.21,Red
19.141,18.229,14.994,65.008,Red
19.428,18.508,15.638,72.663,Red
14.416,14.545,13.246,57.983,Red
16.102,15.845,13.476,66.051,Red
20.947,19.588,16.831,77.419,Red
15.766,15.655,15.921,64.746,Red
12.761,13.03,10.429,49.011,Red
15.804,15.664,5.448,32.693,Green
11.472,12.078,9.297,45.999,Red
19.109,18.259,13.672,70.145,Yellow
12.887,13.153,17.797,71.851,Yellow
28.012,25.349,11.574,71.437,Yellow
29.454,26.57,15.538,82.492,Green
13.539,13.873,10.923,50.014,Red
26.784,24.48,12.615,74.017,Yellow
25.332,23.361,5.539,52.193,Yellow
10.397,11.314,13.013,53.208,Red
29.365,26.644,8.336,63.178,Yellow
24.214,22.317,5.034,40.689,Yellow
11.592,12.254,10.827,49.268,Red
29.624,26.727,14.762,82.53,Yellow
18.875,18.042,9.772,51.894,Red
19.137,18.305,11.861,57.033,Red
15.677,15.455,19.636,80.051,Red
27.915,25.319,17.676,87.089,Yellow
26.077,23.714,16.311,78.507,Green
18.133,17.39,14.631,68.747,Red
23.51,21.822,18.737,89.132,Green
16.576,16.224,6.782,42.596,Red
18.393,17.705,9.02,43.828,Red
27.743,25.198,11.954,62.113,Green
26.282,24.172,8.46,56.818,Yellow
18.658,18.051,6.929,46.297,Red
14.811,14.972,12.724,56.361,Red
23.246,21.456,7.208,48.591,Yellow
29.696,26.864,9.812,68.94,Yellow
26.569,24.275,6.836,47.669,Yellow
24.816,22.842,7.393,49.073,Red
11.053,11.805,14.421,57.9,Green
28.312,25.528,6.528,52.356,Green
24.101,22.233,14.391,74.554,Yellow
23.439,21.851,17.312,77.643,Green
11.649,12.121,18.754,75.352,Red
22.655,21.147,7.055,47.833,Red
19.951,18.823,7.124,45.276,Red
28.475,25.728,11.725,72.36,Yellow
29.172,26.519,19.422,91.99,Green
12.053,12.703,7.745,31.323,Red
15.691,15.455,11.426,49.178,Yellow
10.327,11.25,15.571,63.804,Red
15.813,15.617,13.698,66.179,Yellow
18.809,18.054,7.723,49.611,Red
19.291,18.353,19.513,79.903,Yellow
15.037,15.076,8.091,42.911,Green
25.422,23.234,12.357,64.621,Yellow
14.042,14.288,6.786,37.203,Yellow
21.017,19.959,9.893,54.851,Yellow
22.104,20.563,9.688,52.032,Green
26.845,24.472,19.912,95.17,Red
19.59,18.633,16.351,71.539,Red
27.93,25.248,13.648,78.284,Red
25.826,23.686,5.707,49.097,Yellow
12.49,13.055,13.687,53.446,Red
25.293,23.382,9.272,55.169,Yellow
17.284,16.757,12.315,52.505,Yellow
24.895,22.922,19.31,89.178,Green
17.621,17.069,9.995,56.606,Yellow
17.529,16.856,5.528,34.302,Red
25.304,23.36,9.745,61.975,Green
24.746,22.748,13.001,66.952,Green
28.121,25.484,9.577,60.989,Red
11.316,12.015,8.732,39.293,Red
20.537,19.377,7.375,47.938,Yellow
21.602,20.133,5.735,39.85,Red
13.075,13.537,7.33,39.566,Red
11.542,12.268,5.365,27.915,Red
12.505,12.914,7.009,39.57,Red
14.186,14.397,16.536,71.34,Red
13.121,13.375,13.951,60.945,Yellow
12.704,13.143,5.647,35.086,Red
18.464,17.839,7.6,44.222,Yellow
13.927,14.257,17.846,74.541,Red
27.361,24.878,12.676,72.074,Green
28.213,25.731,8.625,60.1,Green
10.491,11.49,7.145,31.748,Red
13.289,13.761,19.789,72.729,Yellow
23.261,21.634,11.576,65.285,Yellow
13.563,13.928,17.184,71.8,Green
28.426,25.624,15.932,84.093,Yellow
13.88,14.133,14.569,61.781,Red
28.001,25.359,19.54,96.731,Red
12.92,13.12,9.9,49.766,Red
17.392,17.28,7.228,41.826,Red
10.511,11.591,8.19,39.727,Red
17.797,17.224,7.81,44.855,Yellow
22.617,21.081,7.846,49.685,Yellow
16.709,16.282,8.86,43.128,Red
22.804,21.113,13.092,62.277,Red
18.278,17.415,15.967,72.785,Yellow
13.813,13.959,18.659,75.014,Red
15.273,15.305,5.724,32.59,Green
25.925,23.799,16.108,77.847,Yellow
10.982,11.812,11.082,49.8,Red
25.038,23.013,11.625,66.247,Green
17.216,16.695,8.548,47.807,Green
23.388,21.779,17.777,76.836,Green
17.895,17.285,5.228,40.464,Yellow
28.551,26.011,5.389,49.67,Yellow
29.821,26.791,19.981,97.713,Green
14.308,14.524,9.096,42.846,Red
20.575,19.224,9.803,54.935,Yellow
16.834,16.48,14.574,66.064,Red
21.725,20.512,6.233,44.103,Yellow
16.869,16.622,15.773,68.75,Red
17.669,17.121,17.892,72.177,Red
25.494,23.644,5.994,49.709,Yellow
24.812,22.917,13.78,78.136,Green
23.194,21.723,8.832,51.427,Yellow
24.57,22.591,16.304,80.225,Green
25.995,23.763,18.928,86.2,Green
27.859,25.393,8.106,59.039,Red
21.31,20.113,14.97,67.256,Green
21.015,19.599,11.597,63.746,Red
19.207,18.398,11.466,59.005,Red
22.26,20.564,9.239,61.468,Yellow
22.11,20.605,15.766,81.299,Green
29.315,26.501,18.73,89.519,Green
16.351,16.268,7.69,40.054,Red
21.445,20.033,19.442,90.838,Yellow
20.401,19.357,17.92,78.839,Red
24.016,22.436,18.065,82.475,Green
23.013,21.462,14.216,70.944,Yellow
29.424,26.506,10.794,65.694,Yellow
17.475,16.876,9.743,56.992,Red
12.043,12.578,18.423,65.436,Red
12.789,13.077,19.51,73.575,Red
29.057,26.234,17.566,89.693,Green
17.897,17.28,18.535,79.835,Yellow
11.564,12.246,7.977,46.063,Red
14.108,14.459,9.781,43.649,Yellow
24.024,22.292,14.839,76.129,Green
24.021,22.273,9.125,56.076,Yellow
13.468,13.821,16.175,67.095,Green
13.36,13.498,18.515,73.06,Yellow
14.164,14.3,19.652,77.061,Red
11.318,11.949,13.555,52.708,Red
17.594,17.141,7.638,47.221,Green
12.158,12.754,18.991,66.933,Red
16.605,16.26,17.087,73.394,Red
19.887,19.112,9.756,52.381,Red
23.565,21.927,14.133,69.925,Green
26.479,24.209,8.453,57.814,Yellow
18.302,17.689,6.715,41.233,Yellow
15.587,15.568,15.905,62.502,Red
11.844,12.478,19.433,69.621,Red
14.655,14.872,12.068,53.668,Red
20.159,19.161,5.096,38.892,Yellow
15.331,15.45,12.048,54.885,Yellow
16.952,16.528,18.184,71.268,Green
17.256,16.78,16.6,68.95,Red
26.902,24.607,16.964,88.264,Green
29.486,26.584,17.462,91.736,Yellow
29.005,26.092,14.701,79.075,Red
22.413,20.875,9.895,58.216,Yellow
15.359,15.189,6.247,39.94,Red
10.257,11.114,10.582,46.913,Red
14.931,14.969,10.923,47.025,Red
17.497,17.027,17.359,73.049,Yellow
23.727,22.012,9.47,56.556,Yellow
23.148,21.401,13.768,66.86,Yellow
24.35,22.447,12.095,68.835,Yellow
18.512,17.729,12.168,59.605,Red
27.602,25.113,8.097,56.644,Red
14.017,14.138,14.061,56.457,Red
26.065,24.073,11.992,67.29,Yellow
11.201,11.891,19.035,73.652,Red
24.357,22.478,7.44,45.252,Yellow
10.994,11.872,5.406,30.478,Red
24.01,22.323,16.343,76.691,Yellow
14.911,14.997,18.702,77.288,Green
11.785,12.466,5.279,30.107,Yellow
21.177,19.983,7.847,43.538,Yellow
18.71,18.011,13.531,67.265,Red
26.262,24.022,13.658,69.524,Green
22.476,21.102,18.526,82.201,Yellow
28.312,25.779,14.821,79.595,Green
11.056,12.032,5.172,34.629,Red
28.153,25.42,19.758,89.881,Green
10.125,11.15,6.609,33.007,Red
20.336,19.163,10.751,60.05,Yellow
17.475,17.115,15.289,67.514,Red
29.44,26.547,7.108,64.627,Yellow
20.987,19.783,18.5,81.427,Green
16.631,16.468,7.462,41.025,Red
27.818,25.196,11.709,66.56,Yellow
29.306,26.266,6.305,58.88,Red
11.682,12.343,10.552,49.167,Red
20.973,19.787,14.278,64.8,Green
12.485,13.012,15.791,63.167,Red
16.125,16.013,15.956,70.705,Red
22.266,20.786,10.736,63.784,Yellow
24.222,22.34,14.012,70.537,Green
14.904,14.992,18.941,76.989,Green
20.327,19.344,19.823,83.146,Red
19.528,18.552,11.8,64.39,Green
16.462,16.097,7.973,46.668,Green
17.354,16.889,16.07,70.085,Red
25.611,23.347,10.509,60.652,Red
13.97,14.178,16.667,67.733,Red
10.48,11.478,7.609,36.281,Green
17.345,16.932,18.253,78.793,Red
24.14,22.167,9.961,62.094,Yellow
15.8,15.507,11.239,48.542,Red
19.758,18.76,6.323,42.469,Yellow
15.155,15.214,7.574,38.229,Red
28.549,25.87,14.667,78.687,Yellow
10.675,11.651,14.758,59.651,Red
13.788,14.028,17.213,68.218,Red
26.884,24.391,15.78,80.844,Green
14.938,15.089,18.993,80.335,Red
21.344,20.034,12.046,58.833,Yellow
20.823,19.689,13.737,55.918,Green
25.777,23.687,9.664,62.402,Yellow
28.725,25.867,15.902,81.61,Green
10.902,11.887,14.317,60.496,Red
23.895,22.044,7.524,51.733,Yellow
16.127,15.934,11.166,50.882,Yellow
21.205,19.879,5.474,45.496,Yellow
20.112,19.036,5.156,39.462,Red
14.852,14.951,19.307,73.749,Yellow
18.494,17.72,11.595,58.336,Red
17.44,17.051,12.458,60.546,Red
21.157,19.932,14.827,73.571,Red
23.083,21.437,18.635,80.945,Green
22.147,20.812,11.685,64.67,Yellow
27.919,25.397,9.188,59.119,Yellow
27.32,25.072,9.969,63.366,Yellow
11.586,12.328,16.329,67.743,Red
28.644,26.079,13.6,76.587,Green
28.189,25.452,18.693,89.653,Green
17.486,16.925,17.59,73.339,Yellow
23.452,21.728,17.924,85.857,Green
16.321,16.031,16.894,71.632,Red
26.579,24.157,11.299,62.52,Yellow
24.696,22.723,9.061,56.988,Yellow
27.8,25.038,6.463,54.695,Yellow
14.165,14.514,8.685,46.609,Green
27.274,24.977,8.364,57.03,Yellow
15.061,14.916,13.685,58.712,Red
21.384,19.989,13.266,67.742,Yellow
16.059,15.803,5.045,36.07,Red
20.757,19.468,12.347,58.327,Yellow
26.557,24.162,10.987,64.928,Red
20.667,19.582,8.776,50.323,Yellow
17.948,17.209,6.625,49.29,Green
26.917,24.47,7.351,54.972,Yellow
17.086,16.786,18.314,81.888,Yellow
14.209,14.432,10.538,48.982,Yellow
17.177,16.763,9.943,53.889,Green
27.544,25.164,11.262,68.637,Red
19.683,18.587,13.871,67.326,Red
16.193,16.056,15.825,62.238,Red
27.576,24.964,9.673,58.952,Yellow
29.593,26.621,11.305,62.352,Yellow
25.514,23.49,8.36,52.557,Red
23.233,21.524,11.7,66.928,Green
29.442,26.528,12.8,71.296,Yellow
20.36,19.24,8.915,52.545,Yellow
15.251,15.347,18.983,77.249,Red
14.9,14.95,18.39,69.401,Red
11.439,12.189,16.253,59.773,Red
21.189,20.06,17.466,80.083,Red
11.745,12.414,12.903,52.544,Red
18.392,17.763,17.958,76.301,Red
24.599,22.632,7.984,55.412,Yellow
29.14,26.211,16.874,87.487,Green
21.666,20.258,15.885,73.733,Green
23.661,21.773,12.226,68.769,Yellow
20.468,19.424,11.538,56.266,Yellow
20.413,19.289,15.76,74.639,Green
11.029,11.751,5.755,29.934,Yellow
16.853,16.382,9.933,48.844,Red
14.418,14.634,9.995,51.437,Red
12.878,13.293,12.73,53.718,Yellow
24.892,23.034,13.455,67.718,Green
22.653,21.114,12.724,66.66,Green
17.772,17.343,13.159,64.581,Red
14.943,14.875,8.569,43.418,Red
22.883,21.253,10.896,60.716,Yellow
29.781,26.838,17.994,94.8,Red
19.294,18.305,17.963,79.466,Red
25.693,23.61,15.467,76.768,Yellow
23.896,22.109,14.197,73.681,Yellow
21.069,19.937,15.108,74.365,Red
15.893,15.591,11.076,54.072,Red
23.431,21.552,7.187,45.847,Yellow
12.534,13.087,5.276,38.293,Red
21.28,20.149,15.756,73.665,Red
20.784,19.43,6.669,43.91,Green
16.276,15.939,6.897,41.631,Red
14.27,14.337,13.784,63.103,Red
24.992,23.002,16.232,80.497,Green
12.592,13.062,17.563,75.694,Red
26.041,23.81,19.716,86.649,Green
29.588,26.617,17.832,87.595,Red
28.522,25.784,9.902,67.936,Yellow
23.094,21.561,6.149,53.78,Yellow
10.302,11.137,18.348,69.411,Red
23.63,22.083,16.55,81.825,Yellow
11.505,12.218,16.12,67.4,Yellow
24.543,22.67,17.623,83.772,Green
23.086,21.398,9.476,56.728,Yellow
17.479,16.794,6.62,40.323,Red
24.907,23.006,6.151,48.194,Yellow
24.861,22.928,8.816,49.919,Yellow
17.087,16.757,7.053,46.428,Red
13.683,13.895,5.815,32.544,Yellow
22.774,21.128,16.578,75.941,Green
25.685,23.418,11.821,65.78,Red
15.642,15.505,6.726,38.124,Red
10.91,11.678,12.763,57.405,Red
18.698,18.025,11.324,65.142,Red
15.04,15.275,10.375,46.269,Red
16.933,16.458,13.325,60.576,Red
13.161,13.349,6.335,36.769,Red
22.29,20.959,16.43,75.58,Green
28.668,25.948,6.651,53.691,Yellow
15.925,15.825,15.708,71.978,Red
11.246,12.016,14.025,61.707,Red
13.428,13.621,8.893,40.849,Green
14.36,14.373,11.117,56.356,Red
18.351,17.761,17.36,75.958,Red
20.677,19.391,14.196,66.699,Red
22.792,21.107,17.261,86.608,Red
20.56,19.462,5.727,38.191,Yellow
23.022,21.443,5.99,45.815,Yellow
10.403,11.365,8.766,36.452,Yellow
20.776,19.484,12.778,67.273,Green
23.411,21.667,9.568,58.189,Red
27.099,24.65,12.389,65.64,Green
24.121,22.356,19.533,87.267,Red
27.768,25.288,11.196,70.671,Green
18.058,17.497,11.39,56.392,Red
23.392,21.603,13.145,71.231,Green
11.986,12.441,15.662,60.037,Red
17.588,16.942,10.87,60.981,Green
17.357,16.912,11.404,58.605,Red
12.494,13.024,17.121,63.711,Red
27.599,25.017,7.563,56.548,Red
15.845,15.796,10.14,41.063,Green
21.756,20.248,12.569,64.321,Green
17.631,17.069,11.372,57.875,Red
18.818,17.886,14.74,60.87,Red
10.606,11.574,12.47,50.935,Red
14.77,14.787,10.579,54.046,Yellow
24.163,22.528,8.595,57.594,Yellow
14.36,14.46,6.44,36.527,Green
16.173,15.884,16.876,75.369,Red
26.353,24.04,11.091,70.305,Yellow
15.805,15.52,18.571,74.535,Red
12.968,13.548,16.299,62.154,Red
27.851,25.292,13.739,72.176,Red
27.408,24.943,18.473,91.258,Yellow
20.005,18.838,11.976,59.038,Red
19.027,18.378,16.102,72.142,Red
19.691,18.662,8.055,44.719,Red
25.804,23.64,18.372,86.141,Green
21.381,20.143,6.806,50.407,Yellow
12.838,13.087,7.767,41.644,Yellow
13.484,13.819,5.906,33.931,Green
20.22,19.377,11.909,62.246,Red
27.577,24.961,7.807,58.786,Yellow
24.806,22.752,12.756,71.732,Green
23.964,22.233,16.365,78.33,Yellow
22.767,21.101,15.448,74.414,Green
20.638,19.6,11.051,61.212,Yellow
28.628,25.804,15.114,84.236,Yellow
10.09,11.184,16.123,56.496,Red
23.497,21.907,10.575,62.144,Red
11.477,12.273,9.667,46.826,Red
22.041,20.599,14.514,72.11,Yellow
19.802,18.819,11.08,59.907,Yellow
14.333,14.34,9.481,48.891,Yellow
27.117,24.729,8.202,62.917,Yellow
16.056,16.049,19.681,75.595,Red
20.089,19.118,13.288,60.976,Green
10.277,11.093,8.455,37.623,Red
27.598,24.918,12.053,64.704,Green
27.427,24.906,18.77,90.413,Green
22.47,21.272,7.735,51.46,Yellow
17.113,16.634,12.588,55.486,Yellow
12.5,12.98,7.395,37.437,Green
28.118,25.508,6.984,54.327,Yellow
27.602,25.161,15.627,79.549,Green
13.547,13.864,18.799,68.031,Red
18.747,18.032,8.045,45.427,Yellow
28.167,25.589,9.89,66.049,Yellow
28.482,25.719,19.894,98.639,Red
20.352,19.311,18.461,80.976,Red
11.897,12.606,18.25,74.39,Red
20.738,19.442,13.881,69.07,Green
19.467,18.732,13.324,66.386,Red
22.83,21.286,15.31,81.447,Green
21.124,19.959,11.582,55.677,Yellow
22.76,21.143,17.044,82.243,Green
14.352,14.397,13.38,58.199,Yellow
24.847,22.858,8.511,56.186,Red
18.396,17.659,7.684,43.724,Red
18.33,17.779,16.369,75.982,Green
24.756,22.753,9.403,53.682,Yellow
17.178,16.724,9.293,48.28,Red
18.9,18.231,19.283,80.51,Red
10.739,11.652,7.969,42.368,Red
27.533,25.076,16.823,82.734,Yellow
19.786,18.868,16.825,69.87,Red
20.233,19.177,14.948,72.545,Green
26.067,23.898,17.076,83.48,Green
17.885,17.359,19.881,75.898,Green
25.252,23.126,11.677,67.152,Red
14.063,14.157,11.724,56.073,Red
25.245,23.176,8.757,57.532,Yellow
19.916,19.018,18.17,84.6,Yellow
17.259,16.878,12.667,61.788,Yellow
15.0,15.039,13.764,62.29,Red
26.735,24.349,18.913,87.506,Green
22.269,20.833,7.621,50.775,Yellow
26.691,24.468,9.136,63.186,Green
18.917,18.287,7.419,50.47,Red
28.28,25.626,7.891,61.411,Yellow
22.916,21.378,16.099,76.297,Green
11.865,12.596,11.366,53.314,Red
27.581,25.008,6.455,55.025,Yellow
20.328,19.192,5.667,41.344,Yellow
29.636,26.515,14.117,76.272,Green
14.919,14.88,7.44,42.734,Green
18.853,18.308,7.746,43.812,Red
13.659,13.974,8.739,45.847,Red
20.258,19.223,18.967,75.852,Green
14.13,14.355,13.747,66.86,Red
21.862,20.413,15.621,72.862,Green
19.956,19.054,10.025,58.99,Yellow
19.614,18.665,17.817,80.926,Yellow
23.988,22.309,19.863,88.394,Green
16.131,16.04,12.03,52.992,Red
20.693,19.367,6.694,43.329,Yellow
12.166,12.705,11.19,44.596,Red
28.802,26.002,13.646,78.045,Yellow
23.774,21.898,17.293,76.911,Green
26.924,24.505,19.018,85.963,Green
20.653,19.572,19.269,82.383,Green
12.005,12.402,12.451,55.116,Red
12.401,13.031,9.14,41.94,Green
24.59,22.59,13.666,71.662,Green
18.461,17.764,16.112,72.839,Red
24.703,22.661,19.17,90.151,Green
25.038,22.933,9.566,60.552,Yellow
25.42,23.334,5.74,53.054,Green
15.756,15.621,5.695,39.738,Red
21.057,19.733,15.823,77.461,Green
25.71,23.404,11.773,66.62,Yellow
10.28,11.173,6.518,32.042,Red
10.653,11.507,7.274,35.593,Red
27.47,25.035,10.377,65.115,Yellow
28.52,25.807,8.964,59.058,Yellow
18.82,18.22,8.784,52.765,Red
25.225,23.194,6.242,51.793,Yellow
18.931,18.128,19.333,79.928,Red
27.094,24.673,16.351,88.843,Green
11.371,12.141,10.8,52.779,Green
13.401,13.749,9.975,47.669,Red
23.447,21.867,18.124,83.538,Yellow
18.13,17.361,17.679,77.683,Red
11.511,12.17,13.304,58.974,Green
21.94,20.714,10.705,54.863,Yellow
24.592,22.718,10.419,61.798,Green
29.632,26.633,9.891,61.55,Yellow
25.111,22.988,15.227,74.499,Yellow
20.122,19.261,7.271,44.855,Yellow
11.636,12.291,7.877,37.031,Green
25.88,23.687,18.329,89.865,Red
24.39,22.749,9.032,54.95,Yellow
16.764,16.316,5.608,41.793,Red
29.254,26.434,6.6,55.629,Red
12.21,12.756,11.143,51.047,Red
27.867,25.311,6.391,55.34,Yellow
20.704,19.47,8.889,53.08,Red
15.622,15.521,16.165,65.96,Green
19.941,18.853,7.791,53.759,Red
13.819,13.846,5.646,39.306,Green
12.363,12.861,6.45,35.884,Red
19.378,18.416,10.656,62.041,Green
16.516,16.066,19.382,81.724,Red
22.625,21.192,18.058,81.296,Green
23.525,21.762,11.509,60.833,Yellow
23.755,21.973,11.409,62.474,Green
23.102,21.604,8.64,57.311,Yellow
19.747,18.819,8.371,45.447,Red
17.764,17.233,19.498,78.24,Yellow
11.113,11.773,16.209,61.279,Red
15.548,15.44,12.434,59.272,Red
14.86,14.908,15.604,63.704,Red
12.062,12.545,17.966,67.608,Red
24.177,22.429,15.152,76.392,Green
13.71,13.881,6.733,36.05,Red
24.933,22.738,5.478,49.994,Yellow
23.87,22.175,10.218,61.586,Yellow
13.901,14.39,11.589,50.03,Yellow
27.434,24.844,5.975,51.526,Yellow
11.458,12.02,15.919,61.976,Red
11.222,11.772,13.647,56.164,Red
15.076,15.072,10.847,49.338,Red
12.537,13.202,10.874,47.768,Red
21.062,19.743,7.653,48.833,Yellow
13.912,14.204,12.526,56.712,Red
19.976,18.985,9.22,51.795,Yellow
10.491,11.407,16.297,62.927,Red
29.971,26.941,8.519,62.785,Yellow
28.115,25.563,7.804,57.548,Green
14.407,14.38,18.856,75.947,Red
14.81,14.802,10.853,51.76,Red
11.53,12.102,8.672,43.315,Green
29.305,26.612,14.478,76.237,Green
15.747,15.556,19.818,77.409,Red
25.676,23.489,8.32,55.861,Yellow
23.467,21.945,15.625,78.9,Green
23.086,21.409,18.054,81.789,Green
15.039,14.972,13.035,60.304,Yellow
13.069,13.375,8.281,38.639,Red
11.949,12.597,7.321,40.379,Red
17.23,16.672,11.172,46.767,Red
23.519,21.853,8.53,52.575,Green
11.806,12.565,6.618,34.856,Red
24.925,22.879,16.368,78.999,Red
29.183,26.301,19.036,91.227,Red
11.713,12.314,8.086,36.171,Red
17.819,17.332,13.317,59.202,Red
10.43,11.431,11.633,49.323,Red
22.576,21.076,9.582,60.288,Green
18.727,17.905,14.144,60.909,Green
17.56,17.155,18.537,80.667,Green
23.129,21.511,5.009,44.93,Yellow
11.118,11.687,17.482,76.093,Red
20.397,19.286,5.399,39.746,Yellow
14.747,14.777,18.901,71.384,Red
27.111,24.494,9.254,60.244,Yellow
19.488,18.702,16.276,69.253,Red
19.605,18.633,17.914,75.262,Green
21.379,20.145,18.293,79.413,Red
28.562,25.915,11.17,66.471,Green
21.254,20.035,14.013,73.07,Yellow
26.189,23.903,9.683,59.789,Yellow
22.633,21.091,7.178,47.738,Yellow
22.232,20.911,12.421,65.352,Red
15.57,15.199,18.791,76.132,Red
10.043,11.082,14.112,58.79,Green
15.022,14.853,5.381,33.337,Red
18.734,18.185,15.557,65.088,Red
11.979,12.51,16.717,66.938,Red
27.444,24.901,19.682,90.756,Yellow
27.133,24.556,19.866,98.025,Green
15.671,15.495,8.835,42.223,Red
25.222,23.182,13.977,72.008,Red
18.852,18.058,8.228,46.627,Green
11.222,12.153,9.671,41.879,Red
23.725,22.032,18.361,88.373,Green
15.635,15.607,12.583,56.666,Yellow
16.946,16.645,6.17,39.009,Red
29.339,26.353,15.893,81.555,Red
20.063,19.059,5.3,42.033,Red
27.301,24.862,14.302,78.96,Red
29.565,26.687,14.16,81.656,Green
14.612,14.842,19.215,72.574,Red
24.348,22.539,9.21,56.745,Yellow
13.49,13.792,17.221,69.687,Red
16.094,16.038,10.572,48.603,Red
13.229,13.519,12.632,54.613,Red
28.324,25.606,14.585,77.496,Green
17.846,17.304,18.304,74.4,Red
28.602,25.802,16.791,91.215,Green
28.611,25.958,6.903,56.52,Green
10.36,11.479,11.566,46.257,Yellow
24.789,22.833,8.717,58.64,Yellow
26.787,24.566,11.955,71.652,Yellow
10.852,11.702,5.844,29.392,Red
18.814,17.867,9.636,52.065,Green
22.903,21.367,10.89,61.695,Yellow
24.714,22.834,13.814,74.24,Red
23.863,22.02,11.2,60.913,Red
14.032,14.312,14.332,57.955,Red
12.135,12.761,8.821,44.703,Red
17.96,17.255,11.581,57.421,Red
24.706,22.776,6.226,51.854,Yellow
25.859,23.689,6.015,47.051,Red
20.767,19.64,8.067,44.019,Yellow
17.637,17.21,8.823,53.474,Red
28.946,26.24,5.576,54.936,Yellow
28.408,25.688,9.129,60.332,Red
10.312,11.344,14.332,59.387,Red
21.489,20.19,11.405,60.522,Yellow
28.522,25.895,14.312,72.366,Green
29.645,26.712,8.446,60.689,Yellow
16.13,15.874,13.887,60.483,Red
11.657,12.255,9.719,50.262,Red
24.391,22.518,14.509,75.874,Green
19.133,18.406,8.627,47.236,Red
17.583,17.055,5.297,38.283,Red
12.654,13.023,6.713,40.606,Red
15.278,15.091,9.657,44.691,Yellow
15.256,14.962,16.074,68.37,Green
12.912,13.405,11.022,43.186,Green
12.315,12.955,14.784,61.601,Red
18.708,18.042,17.682,72.387,Red
24.614,22.641,19.253,87.155,Green
21.07,19.916,12.459,60.472,Red
29.441,26.587,19.601,95.497,Green
17.399,16.873,14.871,68.546,Red
24.023,22.058,14.363,72.976,Green
26.716,24.406,19.801,93.105,Green
15.61,15.397,6.603,38.937,Yellow
10.195,11.185,6.136,27.283,Red
22.066,20.547,12.298,67.289,Yellow
21.914,20.353,11.746,62.208,Green
