symbol,date,price,year,month,day,fractional_year_after_2000
MSFT,2000-01-01,39.81,2000,1,1,0.08607305936061493
MSFT,2000-02-01,36.35,2000,2,1,0.16940639269409985
MSFT,2000-03-01,43.22,2000,3,1,0.2527397260273574
MSFT,2000-04-01,28.37,2000,4,1,0.33607305936061493
MSFT,2000-05-01,25.45,2000,5,1,0.41940639269409985
MSFT,2000-06-01,32.54,2000,6,1,0.5027397260273574
MSFT,2000-07-01,28.4,2000,7,1,0.5860730593606149
MSFT,2000-08-01,28.4,2000,8,1,0.6694063926940998
MSFT,2000-09-01,24.53,2000,9,1,0.7527397260273574
MSFT,2000-10-01,28.02,2000,10,1,0.8360730593606149
MSFT,2000-11-01,23.34,2000,11,1,0.9194063926940998
MSFT,2000-12-01,17.65,2000,12,1,1.0027397260273574
MSFT,2001-01-01,24.84,2001,1,1,1.086073059360615
MSFT,2001-02-01,24.0,2001,2,1,1.1694063926940998
MSFT,2001-03-01,22.25,2001,3,1,1.2527397260273574
MSFT,2001-04-01,27.56,2001,4,1,1.336073059360615
MSFT,2001-05-01,28.14,2001,5,1,1.4194063926940998
MSFT,2001-06-01,29.7,2001,6,1,1.5027397260273574
MSFT,2001-07-01,26.93,2001,7,1,1.586073059360615
MSFT,2001-08-01,23.21,2001,8,1,1.6694063926940998
MSFT,2001-09-01,20.82,2001,9,1,1.7527397260273574
MSFT,2001-10-01,23.65,2001,10,1,1.836073059360615
MSFT,2001-11-01,26.12,2001,11,1,1.9194063926940998
MSFT,2001-12-01,26.95,2001,12,1,2.0027397260273574
MSFT,2002-01-01,25.92,2002,1,1,2.086073059360615
MSFT,2002-02-01,23.73,2002,2,1,2.1694063926941
MSFT,2002-03-01,24.53,2002,3,1,2.2527397260273574
MSFT,2002-04-01,21.26,2002,4,1,2.336073059360615
MSFT,2002-05-01,20.71,2002,5,1,2.4194063926941
MSFT,2002-06-01,22.25,2002,6,1,2.5027397260273574
MSFT,2002-07-01,19.52,2002,7,1,2.586073059360615
MSFT,2002-08-01,19.97,2002,8,1,2.6694063926941
MSFT,2002-09-01,17.79,2002,9,1,2.7527397260273574
MSFT,2002-10-01,21.75,2002,10,1,2.836073059360615
MSFT,2002-11-01,23.46,2002,11,1,2.9194063926941
MSFT,2002-12-01,21.03,2002,12,1,3.0027397260273574
MSFT,2003-01-01,19.31,2003,1,1,3.086073059360615
MSFT,2003-02-01,19.34,2003,2,1,3.1694063926941
MSFT,2003-03-01,19.76,2003,3,1,3.2527397260273574
MSFT,2003-04-01,20.87,2003,4,1,3.336073059360615
MSFT,2003-05-01,20.09,2003,5,1,3.4194063926941
MSFT,2003-06-01,20.93,2003,6,1,3.5027397260273574
MSFT,2003-07-01,21.56,2003,7,1,3.586073059360615
MSFT,2003-08-01,21.65,2003,8,1,3.6694063926941
MSFT,2003-09-01,22.69,2003,9,1,3.7527397260273574
MSFT,2003-10-01,21.45,2003,10,1,3.836073059360615
MSFT,2003-11-01,21.1,2003,11,1,3.9194063926941
MSFT,2003-12-01,22.46,2003,12,1,4.002739726027357
MSFT,2004-01-01,22.69,2004,1,1,4.086073059360615
MSFT,2004-02-01,21.77,2004,2,1,4.1694063926941
MSFT,2004-03-01,20.46,2004,3,1,4.252739726027357
MSFT,2004-04-01,21.45,2004,4,1,4.336073059360615
MSFT,2004-05-01,21.53,2004,5,1,4.4194063926941
MSFT,2004-06-01,23.44,2004,6,1,4.502739726027357
MSFT,2004-07-01,23.38,2004,7,1,4.586073059360615
MSFT,2004-08-01,22.47,2004,8,1,4.6694063926941
MSFT,2004-09-01,22.76,2004,9,1,4.752739726027357
MSFT,2004-10-01,23.02,2004,10,1,4.836073059360615
MSFT,2004-11-01,24.6,2004,11,1,4.9194063926941
MSFT,2004-12-01,24.52,2004,12,1,5.002739726027357
MSFT,2005-01-01,24.11,2005,1,1,5.086073059360615
MSFT,2005-02-01,23.15,2005,2,1,5.1694063926941
MSFT,2005-03-01,22.24,2005,3,1,5.252739726027357
MSFT,2005-04-01,23.28,2005,4,1,5.336073059360615
MSFT,2005-05-01,23.82,2005,5,1,5.4194063926941
MSFT,2005-06-01,22.93,2005,6,1,5.502739726027357
MSFT,2005-07-01,23.64,2005,7,1,5.586073059360615
MSFT,2005-08-01,25.35,2005,8,1,5.6694063926941
MSFT,2005-09-01,23.83,2005,9,1,5.752739726027357
MSFT,2005-10-01,23.8,2005,10,1,5.836073059360615
MSFT,2005-11-01,25.71,2005,11,1,5.9194063926941
MSFT,2005-12-01,24.29,2005,12,1,6.002739726027357
MSFT,2006-01-01,26.14,2006,1,1,6.086073059360615
MSFT,2006-02-01,25.04,2006,2,1,6.1694063926941
MSFT,2006-03-01,25.36,2006,3,1,6.252739726027357
MSFT,2006-04-01,22.5,2006,4,1,6.336073059360615
MSFT,2006-05-01,21.19,2006,5,1,6.4194063926941
MSFT,2006-06-01,21.8,2006,6,1,6.502739726027357
MSFT,2006-07-01,22.51,2006,7,1,6.586073059360615
MSFT,2006-08-01,24.13,2006,8,1,6.6694063926941
MSFT,2006-09-01,25.68,2006,9,1,6.752739726027357
MSFT,2006-10-01,26.96,2006,10,1,6.836073059360615
MSFT,2006-11-01,27.66,2006,11,1,6.9194063926941
MSFT,2006-12-01,28.13,2006,12,1,7.002739726027357
MSFT,2007-01-01,29.07,2007,1,1,7.086073059360615
MSFT,2007-02-01,26.63,2007,2,1,7.1694063926941
MSFT,2007-03-01,26.35,2007,3,1,7.252739726027357
MSFT,2007-04-01,28.3,2007,4,1,7.336073059360615
MSFT,2007-05-01,29.11,2007,5,1,7.4194063926941
MSFT,2007-06-01,27.95,2007,6,1,7.502739726027357
MSFT,2007-07-01,27.5,2007,7,1,7.586073059360615
MSFT,2007-08-01,27.34,2007,8,1,7.6694063926941
MSFT,2007-09-01,28.04,2007,9,1,7.752739726027357
MSFT,2007-10-01,35.03,2007,10,1,7.836073059360615
MSFT,2007-11-01,32.09,2007,11,1,7.9194063926941
MSFT,2007-12-01,34.0,2007,12,1,8.002739726027357
MSFT,2008-01-01,31.13,2008,1,1,8.086073059360615
MSFT,2008-02-01,26.07,2008,2,1,8.1694063926941
MSFT,2008-03-01,27.21,2008,3,1,8.252739726027357
MSFT,2008-04-01,27.34,2008,4,1,8.336073059360615
MSFT,2008-05-01,27.25,2008,5,1,8.4194063926941
MSFT,2008-06-01,26.47,2008,6,1,8.502739726027357
MSFT,2008-07-01,24.75,2008,7,1,8.586073059360615
MSFT,2008-08-01,26.36,2008,8,1,8.6694063926941
MSFT,2008-09-01,25.78,2008,9,1,8.752739726027357
MSFT,2008-10-01,21.57,2008,10,1,8.836073059360615
MSFT,2008-11-01,19.66,2008,11,1,8.9194063926941
MSFT,2008-12-01,18.91,2008,12,1,9.002739726027357
MSFT,2009-01-01,16.63,2009,1,1,9.086073059360615
MSFT,2009-02-01,15.81,2009,2,1,9.1694063926941
MSFT,2009-03-01,17.99,2009,3,1,9.252739726027357
MSFT,2009-04-01,19.84,2009,4,1,9.336073059360615
MSFT,2009-05-01,20.59,2009,5,1,9.4194063926941
MSFT,2009-06-01,23.42,2009,6,1,9.502739726027357
MSFT,2009-07-01,23.18,2009,7,1,9.586073059360615
MSFT,2009-08-01,24.43,2009,8,1,9.6694063926941
MSFT,2009-09-01,25.49,2009,9,1,9.752739726027357
MSFT,2009-10-01,27.48,2009,10,1,9.836073059360615
MSFT,2009-11-01,29.27,2009,11,1,9.9194063926941
MSFT,2009-12-01,30.34,2009,12,1,10.002739726027357
MSFT,2010-01-01,28.05,2010,1,1,10.086073059360615
MSFT,2010-02-01,28.67,2010,2,1,10.1694063926941
MSFT,2010-03-01,28.8,2010,3,1,10.252739726027357
AMZN,2000-01-01,64.56,2000,1,1,0.08607305936061493
AMZN,2000-02-01,68.87,2000,2,1,0.16940639269409985
AMZN,2000-03-01,67.0,2000,3,1,0.2527397260273574
AMZN,2000-04-01,55.19,2000,4,1,0.33607305936061493
AMZN,2000-05-01,48.31,2000,5,1,0.41940639269409985
AMZN,2000-06-01,36.31,2000,6,1,0.5027397260273574
AMZN,2000-07-01,30.12,2000,7,1,0.5860730593606149
AMZN,2000-08-01,41.5,2000,8,1,0.6694063926940998
AMZN,2000-09-01,38.44,2000,9,1,0.7527397260273574
AMZN,2000-10-01,36.62,2000,10,1,0.8360730593606149
AMZN,2000-11-01,24.69,2000,11,1,0.9194063926940998
AMZN,2000-12-01,15.56,2000,12,1,1.0027397260273574
AMZN,2001-01-01,17.31,2001,1,1,1.086073059360615
AMZN,2001-02-01,10.19,2001,2,1,1.1694063926940998
AMZN,2001-03-01,10.23,2001,3,1,1.2527397260273574
AMZN,2001-04-01,15.78,2001,4,1,1.336073059360615
AMZN,2001-05-01,16.69,2001,5,1,1.4194063926940998
AMZN,2001-06-01,14.15,2001,6,1,1.5027397260273574
AMZN,2001-07-01,12.49,2001,7,1,1.586073059360615
AMZN,2001-08-01,8.94,2001,8,1,1.6694063926940998
AMZN,2001-09-01,5.97,2001,9,1,1.7527397260273574
AMZN,2001-10-01,6.98,2001,10,1,1.836073059360615
AMZN,2001-11-01,11.32,2001,11,1,1.9194063926940998
AMZN,2001-12-01,10.82,2001,12,1,2.0027397260273574
AMZN,2002-01-01,14.19,2002,1,1,2.086073059360615
AMZN,2002-02-01,14.1,2002,2,1,2.1694063926941
AMZN,2002-03-01,14.3,2002,3,1,2.2527397260273574
AMZN,2002-04-01,16.69,2002,4,1,2.336073059360615
AMZN,2002-05-01,18.23,2002,5,1,2.4194063926941
AMZN,2002-06-01,16.25,2002,6,1,2.5027397260273574
AMZN,2002-07-01,14.45,2002,7,1,2.586073059360615
AMZN,2002-08-01,14.94,2002,8,1,2.6694063926941
AMZN,2002-09-01,15.93,2002,9,1,2.7527397260273574
AMZN,2002-10-01,19.36,2002,10,1,2.836073059360615
AMZN,2002-11-01,23.35,2002,11,1,2.9194063926941
AMZN,2002-12-01,18.89,2002,12,1,3.0027397260273574
AMZN,2003-01-01,21.85,2003,1,1,3.086073059360615
AMZN,2003-02-01,22.01,2003,2,1,3.1694063926941
AMZN,2003-03-01,26.03,2003,3,1,3.2527397260273574
AMZN,2003-04-01,28.69,2003,4,1,3.336073059360615
AMZN,2003-05-01,35.89,2003,5,1,3.4194063926941
AMZN,2003-06-01,36.32,2003,6,1,3.5027397260273574
AMZN,2003-07-01,41.64,2003,7,1,3.586073059360615
AMZN,2003-08-01,46.32,2003,8,1,3.6694063926941
AMZN,2003-09-01,48.43,2003,9,1,3.7527397260273574
AMZN,2003-10-01,54.43,2003,10,1,3.836073059360615
AMZN,2003-11-01,53.97,2003,11,1,3.9194063926941
AMZN,2003-12-01,52.62,2003,12,1,4.002739726027357
AMZN,2004-01-01,50.4,2004,1,1,4.086073059360615
AMZN,2004-02-01,43.01,2004,2,1,4.1694063926941
AMZN,2004-03-01,43.28,2004,3,1,4.252739726027357
AMZN,2004-04-01,43.6,2004,4,1,4.336073059360615
AMZN,2004-05-01,48.5,2004,5,1,4.4194063926941
AMZN,2004-06-01,54.4,2004,6,1,4.502739726027357
AMZN,2004-07-01,38.92,2004,7,1,4.586073059360615
AMZN,2004-08-01,38.14,2004,8,1,4.6694063926941
AMZN,2004-09-01,40.86,2004,9,1,4.752739726027357
AMZN,2004-10-01,34.13,2004,10,1,4.836073059360615
AMZN,2004-11-01,39.68,2004,11,1,4.9194063926941
AMZN,2004-12-01,44.29,2004,12,1,5.002739726027357
AMZN,2005-01-01,43.22,2005,1,1,5.086073059360615
AMZN,2005-02-01,35.18,2005,2,1,5.1694063926941
AMZN,2005-03-01,34.27,2005,3,1,5.252739726027357
AMZN,2005-04-01,32.36,2005,4,1,5.336073059360615
AMZN,2005-05-01,35.51,2005,5,1,5.4194063926941
AMZN,2005-06-01,33.09,2005,6,1,5.502739726027357
AMZN,2005-07-01,45.15,2005,7,1,5.586073059360615
AMZN,2005-08-01,42.7,2005,8,1,5.6694063926941
AMZN,2005-09-01,45.3,2005,9,1,5.752739726027357
AMZN,2005-10-01,39.86,2005,10,1,5.836073059360615
AMZN,2005-11-01,48.46,2005,11,1,5.9194063926941
AMZN,2005-12-01,47.15,2005,12,1,6.002739726027357
AMZN,2006-01-01,44.82,2006,1,1,6.086073059360615
AMZN,2006-02-01,37.44,2006,2,1,6.1694063926941
AMZN,2006-03-01,36.53,2006,3,1,6.252739726027357
AMZN,2006-04-01,35.21,2006,4,1,6.336073059360615
AMZN,2006-05-01,34.61,2006,5,1,6.4194063926941
AMZN,2006-06-01,38.68,2006,6,1,6.502739726027357
AMZN,2006-07-01,26.89,2006,7,1,6.586073059360615
AMZN,2006-08-01,30.83,2006,8,1,6.6694063926941
AMZN,2006-09-01,32.12,2006,9,1,6.752739726027357
AMZN,2006-10-01,38.09,2006,10,1,6.836073059360615
AMZN,2006-11-01,40.34,2006,11,1,6.9194063926941
AMZN,2006-12-01,39.46,2006,12,1,7.002739726027357
AMZN,2007-01-01,37.67,2007,1,1,7.086073059360615
AMZN,2007-02-01,39.14,2007,2,1,7.1694063926941
AMZN,2007-03-01,39.79,2007,3,1,7.252739726027357
AMZN,2007-04-01,61.33,2007,4,1,7.336073059360615
AMZN,2007-05-01,69.14,2007,5,1,7.4194063926941
AMZN,2007-06-01,68.41,2007,6,1,7.502739726027357
AMZN,2007-07-01,78.54,2007,7,1,7.586073059360615
AMZN,2007-08-01,79.91,2007,8,1,7.6694063926941
AMZN,2007-09-01,93.15,2007,9,1,7.752739726027357
AMZN,2007-10-01,89.15,2007,10,1,7.836073059360615
AMZN,2007-11-01,90.56,2007,11,1,7.9194063926941
AMZN,2007-12-01,92.64,2007,12,1,8.002739726027357
AMZN,2008-01-01,77.7,2008,1,1,8.086073059360615
AMZN,2008-02-01,64.47,2008,2,1,8.1694063926941
AMZN,2008-03-01,71.3,2008,3,1,8.252739726027357
AMZN,2008-04-01,78.63,2008,4,1,8.336073059360615
AMZN,2008-05-01,81.62,2008,5,1,8.4194063926941
AMZN,2008-06-01,73.33,2008,6,1,8.502739726027357
AMZN,2008-07-01,76.34,2008,7,1,8.586073059360615
AMZN,2008-08-01,80.81,2008,8,1,8.6694063926941
AMZN,2008-09-01,72.76,2008,9,1,8.752739726027357
AMZN,2008-10-01,57.24,2008,10,1,8.836073059360615
AMZN,2008-11-01,42.7,2008,11,1,8.9194063926941
AMZN,2008-12-01,51.28,2008,12,1,9.002739726027357
AMZN,2009-01-01,58.82,2009,1,1,9.086073059360615
AMZN,2009-02-01,64.79,2009,2,1,9.1694063926941
AMZN,2009-03-01,73.44,2009,3,1,9.252739726027357
AMZN,2009-04-01,80.52,2009,4,1,9.336073059360615
AMZN,2009-05-01,77.99,2009,5,1,9.4194063926941
AMZN,2009-06-01,83.66,2009,6,1,9.502739726027357
AMZN,2009-07-01,85.76,2009,7,1,9.586073059360615
AMZN,2009-08-01,81.19,2009,8,1,9.6694063926941
AMZN,2009-09-01,93.36,2009,9,1,9.752739726027357
AMZN,2009-10-01,118.81,2009,10,1,9.836073059360615
AMZN,2009-11-01,135.91,2009,11,1,9.9194063926941
AMZN,2009-12-01,134.52,2009,12,1,10.002739726027357
AMZN,2010-01-01,125.41,2010,1,1,10.086073059360615
AMZN,2010-02-01,118.4,2010,2,1,10.1694063926941
AMZN,2010-03-01,128.82,2010,3,1,10.252739726027357
IBM,2000-01-01,100.52,2000,1,1,0.08607305936061493
IBM,2000-02-01,92.11,2000,2,1,0.16940639269409985
IBM,2000-03-01,106.11,2000,3,1,0.2527397260273574
IBM,2000-04-01,99.95,2000,4,1,0.33607305936061493
IBM,2000-05-01,96.31,2000,5,1,0.41940639269409985
IBM,2000-06-01,98.33,2000,6,1,0.5027397260273574
IBM,2000-07-01,100.74,2000,7,1,0.5860730593606149
IBM,2000-08-01,118.62,2000,8,1,0.6694063926940998
IBM,2000-09-01,101.19,2000,9,1,0.7527397260273574
IBM,2000-10-01,88.5,2000,10,1,0.8360730593606149
IBM,2000-11-01,84.12,2000,11,1,0.9194063926940998
IBM,2000-12-01,76.47,2000,12,1,1.0027397260273574
IBM,2001-01-01,100.76,2001,1,1,1.086073059360615
IBM,2001-02-01,89.98,2001,2,1,1.1694063926940998
IBM,2001-03-01,86.63,2001,3,1,1.2527397260273574
IBM,2001-04-01,103.7,2001,4,1,1.336073059360615
IBM,2001-05-01,100.82,2001,5,1,1.4194063926940998
IBM,2001-06-01,102.35,2001,6,1,1.5027397260273574
IBM,2001-07-01,94.87,2001,7,1,1.586073059360615
IBM,2001-08-01,90.25,2001,8,1,1.6694063926940998
IBM,2001-09-01,82.82,2001,9,1,1.7527397260273574
IBM,2001-10-01,97.58,2001,10,1,1.836073059360615
IBM,2001-11-01,104.5,2001,11,1,1.9194063926940998
IBM,2001-12-01,109.36,2001,12,1,2.0027397260273574
IBM,2002-01-01,97.54,2002,1,1,2.086073059360615
IBM,2002-02-01,88.82,2002,2,1,2.1694063926941
IBM,2002-03-01,94.15,2002,3,1,2.2527397260273574
IBM,2002-04-01,75.82,2002,4,1,2.336073059360615
IBM,2002-05-01,72.97,2002,5,1,2.4194063926941
IBM,2002-06-01,65.31,2002,6,1,2.5027397260273574
IBM,2002-07-01,63.86,2002,7,1,2.586073059360615
IBM,2002-08-01,68.52,2002,8,1,2.6694063926941
IBM,2002-09-01,53.01,2002,9,1,2.7527397260273574
IBM,2002-10-01,71.76,2002,10,1,2.836073059360615
IBM,2002-11-01,79.16,2002,11,1,2.9194063926941
IBM,2002-12-01,70.58,2002,12,1,3.0027397260273574
IBM,2003-01-01,71.22,2003,1,1,3.086073059360615
IBM,2003-02-01,71.13,2003,2,1,3.1694063926941
IBM,2003-03-01,71.57,2003,3,1,3.2527397260273574
IBM,2003-04-01,77.47,2003,4,1,3.336073059360615
IBM,2003-05-01,80.48,2003,5,1,3.4194063926941
IBM,2003-06-01,75.42,2003,6,1,3.5027397260273574
IBM,2003-07-01,74.28,2003,7,1,3.586073059360615
IBM,2003-08-01,75.12,2003,8,1,3.6694063926941
IBM,2003-09-01,80.91,2003,9,1,3.7527397260273574
IBM,2003-10-01,81.96,2003,10,1,3.836073059360615
IBM,2003-11-01,83.08,2003,11,1,3.9194063926941
IBM,2003-12-01,85.05,2003,12,1,4.002739726027357
IBM,2004-01-01,91.06,2004,1,1,4.086073059360615
IBM,2004-02-01,88.7,2004,2,1,4.1694063926941
IBM,2004-03-01,84.41,2004,3,1,4.252739726027357
IBM,2004-04-01,81.04,2004,4,1,4.336073059360615
IBM,2004-05-01,81.59,2004,5,1,4.4194063926941
IBM,2004-06-01,81.19,2004,6,1,4.502739726027357
IBM,2004-07-01,80.19,2004,7,1,4.586073059360615
IBM,2004-08-01,78.17,2004,8,1,4.6694063926941
IBM,2004-09-01,79.13,2004,9,1,4.752739726027357
IBM,2004-10-01,82.84,2004,10,1,4.836073059360615
IBM,2004-11-01,87.15,2004,11,1,4.9194063926941
IBM,2004-12-01,91.16,2004,12,1,5.002739726027357
IBM,2005-01-01,86.39,2005,1,1,5.086073059360615
IBM,2005-02-01,85.78,2005,2,1,5.1694063926941
IBM,2005-03-01,84.66,2005,3,1,5.252739726027357
IBM,2005-04-01,70.77,2005,4,1,5.336073059360615
IBM,2005-05-01,70.18,2005,5,1,5.4194063926941
IBM,2005-06-01,68.93,2005,6,1,5.502739726027357
IBM,2005-07-01,77.53,2005,7,1,5.586073059360615
IBM,2005-08-01,75.07,2005,8,1,5.6694063926941
IBM,2005-09-01,74.7,2005,9,1,5.752739726027357
IBM,2005-10-01,76.25,2005,10,1,5.836073059360615
IBM,2005-11-01,82.98,2005,11,1,5.9194063926941
IBM,2005-12-01,76.73,2005,12,1,6.002739726027357
IBM,2006-01-01,75.89,2006,1,1,6.086073059360615
IBM,2006-02-01,75.09,2006,2,1,6.1694063926941
IBM,2006-03-01,77.17,2006,3,1,6.252739726027357
IBM,2006-04-01,77.05,2006,4,1,6.336073059360615
IBM,2006-05-01,75.04,2006,5,1,6.4194063926941
IBM,2006-06-01,72.15,2006,6,1,6.502739726027357
IBM,2006-07-01,72.7,2006,7,1,6.586073059360615
IBM,2006-08-01,76.35,2006,8,1,6.6694063926941
IBM,2006-09-01,77.26,2006,9,1,6.752739726027357
IBM,2006-10-01,87.06,2006,10,1,6.836073059360615
IBM,2006-11-01,86.95,2006,11,1,6.9194063926941
IBM,2006-12-01,91.9,2006,12,1,7.002739726027357
IBM,2007-01-01,93.79,2007,1,1,7.086073059360615
IBM,2007-02-01,88.18,2007,2,1,7.1694063926941
IBM,2007-03-01,89.44,2007,3,1,7.252739726027357
IBM,2007-04-01,96.98,2007,4,1,7.336073059360615
IBM,2007-05-01,101.54,2007,5,1,7.4194063926941
IBM,2007-06-01,100.25,2007,6,1,7.502739726027357
IBM,2007-07-01,105.4,2007,7,1,7.586073059360615
IBM,2007-08-01,111.54,2007,8,1,7.6694063926941
IBM,2007-09-01,112.6,2007,9,1,7.752739726027357
IBM,2007-10-01,111.0,2007,10,1,7.836073059360615
IBM,2007-11-01,100.9,2007,11,1,7.9194063926941
IBM,2007-12-01,103.7,2007,12,1,8.002739726027357
IBM,2008-01-01,102.75,2008,1,1,8.086073059360615
IBM,2008-02-01,109.64,2008,2,1,8.1694063926941
IBM,2008-03-01,110.87,2008,3,1,8.252739726027357
IBM,2008-04-01,116.23,2008,4,1,8.336073059360615
IBM,2008-05-01,125.14,2008,5,1,8.4194063926941
IBM,2008-06-01,114.6,2008,6,1,8.502739726027357
IBM,2008-07-01,123.74,2008,7,1,8.586073059360615
IBM,2008-08-01,118.16,2008,8,1,8.6694063926941
IBM,2008-09-01,113.53,2008,9,1,8.752739726027357
IBM,2008-10-01,90.24,2008,10,1,8.836073059360615
IBM,2008-11-01,79.65,2008,11,1,8.9194063926941
IBM,2008-12-01,82.15,2008,12,1,9.002739726027357
IBM,2009-01-01,89.46,2009,1,1,9.086073059360615
IBM,2009-02-01,90.32,2009,2,1,9.1694063926941
IBM,2009-03-01,95.09,2009,3,1,9.252739726027357
IBM,2009-04-01,101.29,2009,4,1,9.336073059360615
IBM,2009-05-01,104.85,2009,5,1,9.4194063926941
IBM,2009-06-01,103.01,2009,6,1,9.502739726027357
IBM,2009-07-01,116.34,2009,7,1,9.586073059360615
IBM,2009-08-01,117.0,2009,8,1,9.6694063926941
IBM,2009-09-01,118.55,2009,9,1,9.752739726027357
IBM,2009-10-01,119.54,2009,10,1,9.836073059360615
IBM,2009-11-01,125.79,2009,11,1,9.9194063926941
IBM,2009-12-01,130.32,2009,12,1,10.002739726027357
IBM,2010-01-01,121.85,2010,1,1,10.086073059360615
IBM,2010-02-01,127.16,2010,2,1,10.1694063926941
IBM,2010-03-01,125.55,2010,3,1,10.252739726027357
GOOG,2004-08-01,102.37,2004,8,1,4.6694063926941
GOOG,2004-09-01,129.6,2004,9,1,4.752739726027357
GOOG,2004-10-01,190.64,2004,10,1,4.836073059360615
GOOG,2004-11-01,181.98,2004,11,1,4.9194063926941
GOOG,2004-12-01,192.79,2004,12,1,5.002739726027357
GOOG,2005-01-01,195.62,2005,1,1,5.086073059360615
GOOG,2005-02-01,187.99,2005,2,1,5.1694063926941
GOOG,2005-03-01,180.51,2005,3,1,5.252739726027357
GOOG,2005-04-01,220.0,2005,4,1,5.336073059360615
GOOG,2005-05-01,277.27,2005,5,1,5.4194063926941
GOOG,2005-06-01,294.15,2005,6,1,5.502739726027357
GOOG,2005-07-01,287.76,2005,7,1,5.586073059360615
GOOG,2005-08-01,286.0,2005,8,1,5.6694063926941
GOOG,2005-09-01,316.46,2005,9,1,5.752739726027357
GOOG,2005-10-01,372.14,2005,10,1,5.836073059360615
GOOG,2005-11-01,404.91,2005,11,1,5.9194063926941
GOOG,2005-12-01,414.86,2005,12,1,6.002739726027357
GOOG,2006-01-01,432.66,2006,1,1,6.086073059360615
GOOG,2006-02-01,362.62,2006,2,1,6.1694063926941
GOOG,2006-03-01,390.0,2006,3,1,6.252739726027357
GOOG,2006-04-01,417.94,2006,4,1,6.336073059360615
GOOG,2006-05-01,371.82,2006,5,1,6.4194063926941
GOOG,2006-06-01,419.33,2006,6,1,6.502739726027357
GOOG,2006-07-01,386.6,2006,7,1,6.586073059360615
GOOG,2006-08-01,378.53,2006,8,1,6.6694063926941
GOOG,2006-09-01,401.9,2006,9,1,6.752739726027357
GOOG,2006-10-01,476.39,2006,10,1,6.836073059360615
GOOG,2006-11-01,484.81,2006,11,1,6.9194063926941
GOOG,2006-12-01,460.48,2006,12,1,7.002739726027357
GOOG,2007-01-01,501.5,2007,1,1,7.086073059360615
GOOG,2007-02-01,449.45,2007,2,1,7.1694063926941
GOOG,2007-03-01,458.16,2007,3,1,7.252739726027357
GOOG,2007-04-01,471.38,2007,4,1,7.336073059360615
GOOG,2007-05-01,497.91,2007,5,1,7.4194063926941
GOOG,2007-06-01,522.7,2007,6,1,7.502739726027357
GOOG,2007-07-01,510.0,2007,7,1,7.586073059360615
GOOG,2007-08-01,515.25,2007,8,1,7.6694063926941
GOOG,2007-09-01,567.27,2007,9,1,7.752739726027357
GOOG,2007-10-01,707.0,2007,10,1,7.836073059360615
GOOG,2007-11-01,693.0,2007,11,1,7.9194063926941
GOOG,2007-12-01,691.48,2007,12,1,8.002739726027357
GOOG,2008-01-01,564.3,2008,1,1,8.086073059360615
GOOG,2008-02-01,471.18,2008,2,1,8.1694063926941
GOOG,2008-03-01,440.47,2008,3,1,8.252739726027357
GOOG,2008-04-01,574.29,2008,4,1,8.336073059360615
GOOG,2008-05-01,585.8,2008,5,1,8.4194063926941
GOOG,2008-06-01,526.42,2008,6,1,8.502739726027357
GOOG,2008-07-01,473.75,2008,7,1,8.586073059360615
GOOG,2008-08-01,463.29,2008,8,1,8.6694063926941
GOOG,2008-09-01,400.52,2008,9,1,8.752739726027357
GOOG,2008-10-01,359.36,2008,10,1,8.836073059360615
GOOG,2008-11-01,292.96,2008,11,1,8.9194063926941
GOOG,2008-12-01,307.65,2008,12,1,9.002739726027357
GOOG,2009-01-01,338.53,2009,1,1,9.086073059360615
GOOG,2009-02-01,337.99,2009,2,1,9.1694063926941
GOOG,2009-03-01,348.06,2009,3,1,9.252739726027357
GOOG,2009-04-01,395.97,2009,4,1,9.336073059360615
GOOG,2009-05-01,417.23,2009,5,1,9.4194063926941
GOOG,2009-06-01,421.59,2009,6,1,9.502739726027357
GOOG,2009-07-01,443.05,2009,7,1,9.586073059360615
GOOG,2009-08-01,461.67,2009,8,1,9.6694063926941
GOOG,2009-09-01,495.85,2009,9,1,9.752739726027357
GOOG,2009-10-01,536.12,2009,10,1,9.836073059360615
GOOG,2009-11-01,583.0,2009,11,1,9.9194063926941
GOOG,2009-12-01,619.98,2009,12,1,10.002739726027357
GOOG,2010-01-01,529.94,2010,1,1,10.086073059360615
GOOG,2010-02-01,526.8,2010,2,1,10.1694063926941
GOOG,2010-03-01,560.19,2010,3,1,10.252739726027357
AAPL,2000-01-01,25.94,2000,1,1,0.08607305936061493
AAPL,2000-02-01,28.66,2000,2,1,0.16940639269409985
AAPL,2000-03-01,33.95,2000,3,1,0.2527397260273574
AAPL,2000-04-01,31.01,2000,4,1,0.33607305936061493
AAPL,2000-05-01,21.0,2000,5,1,0.41940639269409985
AAPL,2000-06-01,26.19,2000,6,1,0.5027397260273574
AAPL,2000-07-01,25.41,2000,7,1,0.5860730593606149
AAPL,2000-08-01,30.47,2000,8,1,0.6694063926940998
AAPL,2000-09-01,12.88,2000,9,1,0.7527397260273574
AAPL,2000-10-01,9.78,2000,10,1,0.8360730593606149
AAPL,2000-11-01,8.25,2000,11,1,0.9194063926940998
AAPL,2000-12-01,7.44,2000,12,1,1.0027397260273574
AAPL,2001-01-01,10.81,2001,1,1,1.086073059360615
AAPL,2001-02-01,9.12,2001,2,1,1.1694063926940998
AAPL,2001-03-01,11.03,2001,3,1,1.2527397260273574
AAPL,2001-04-01,12.74,2001,4,1,1.336073059360615
AAPL,2001-05-01,9.98,2001,5,1,1.4194063926940998
AAPL,2001-06-01,11.62,2001,6,1,1.5027397260273574
AAPL,2001-07-01,9.4,2001,7,1,1.586073059360615
AAPL,2001-08-01,9.27,2001,8,1,1.6694063926940998
AAPL,2001-09-01,7.76,2001,9,1,1.7527397260273574
AAPL,2001-10-01,8.78,2001,10,1,1.836073059360615
AAPL,2001-11-01,10.65,2001,11,1,1.9194063926940998
AAPL,2001-12-01,10.95,2001,12,1,2.0027397260273574
AAPL,2002-01-01,12.36,2002,1,1,2.086073059360615
AAPL,2002-02-01,10.85,2002,2,1,2.1694063926941
AAPL,2002-03-01,11.84,2002,3,1,2.2527397260273574
AAPL,2002-04-01,12.14,2002,4,1,2.336073059360615
AAPL,2002-05-01,11.65,2002,5,1,2.4194063926941
AAPL,2002-06-01,8.86,2002,6,1,2.5027397260273574
AAPL,2002-07-01,7.63,2002,7,1,2.586073059360615
AAPL,2002-08-01,7.38,2002,8,1,2.6694063926941
AAPL,2002-09-01,7.25,2002,9,1,2.7527397260273574
AAPL,2002-10-01,8.03,2002,10,1,2.836073059360615
AAPL,2002-11-01,7.75,2002,11,1,2.9194063926941
AAPL,2002-12-01,7.16,2002,12,1,3.0027397260273574
AAPL,2003-01-01,7.18,2003,1,1,3.086073059360615
AAPL,2003-02-01,7.51,2003,2,1,3.1694063926941
AAPL,2003-03-01,7.07,2003,3,1,3.2527397260273574
AAPL,2003-04-01,7.11,2003,4,1,3.336073059360615
AAPL,2003-05-01,8.98,2003,5,1,3.4194063926941
AAPL,2003-06-01,9.53,2003,6,1,3.5027397260273574
AAPL,2003-07-01,10.54,2003,7,1,3.586073059360615
AAPL,2003-08-01,11.31,2003,8,1,3.6694063926941
AAPL,2003-09-01,10.36,2003,9,1,3.7527397260273574
AAPL,2003-10-01,11.44,2003,10,1,3.836073059360615
AAPL,2003-11-01,10.45,2003,11,1,3.9194063926941
AAPL,2003-12-01,10.69,2003,12,1,4.002739726027357
AAPL,2004-01-01,11.28,2004,1,1,4.086073059360615
AAPL,2004-02-01,11.96,2004,2,1,4.1694063926941
AAPL,2004-03-01,13.52,2004,3,1,4.252739726027357
AAPL,2004-04-01,12.89,2004,4,1,4.336073059360615
AAPL,2004-05-01,14.03,2004,5,1,4.4194063926941
AAPL,2004-06-01,16.27,2004,6,1,4.502739726027357
AAPL,2004-07-01,16.17,2004,7,1,4.586073059360615
AAPL,2004-08-01,17.25,2004,8,1,4.6694063926941
AAPL,2004-09-01,19.38,2004,9,1,4.752739726027357
AAPL,2004-10-01,26.2,2004,10,1,4.836073059360615
AAPL,2004-11-01,33.53,2004,11,1,4.9194063926941
AAPL,2004-12-01,32.2,2004,12,1,5.002739726027357
AAPL,2005-01-01,38.45,2005,1,1,5.086073059360615
AAPL,2005-02-01,44.86,2005,2,1,5.1694063926941
AAPL,2005-03-01,41.67,2005,3,1,5.252739726027357
AAPL,2005-04-01,36.06,2005,4,1,5.336073059360615
AAPL,2005-05-01,39.76,2005,5,1,5.4194063926941
AAPL,2005-06-01,36.81,2005,6,1,5.502739726027357
AAPL,2005-07-01,42.65,2005,7,1,5.586073059360615
AAPL,2005-08-01,46.89,2005,8,1,5.6694063926941
AAPL,2005-09-01,53.61,2005,9,1,5.752739726027357
AAPL,2005-10-01,57.59,2005,10,1,5.836073059360615
AAPL,2005-11-01,67.82,2005,11,1,5.9194063926941
AAPL,2005-12-01,71.89,2005,12,1,6.002739726027357
AAPL,2006-01-01,75.51,2006,1,1,6.086073059360615
AAPL,2006-02-01,68.49,2006,2,1,6.1694063926941
AAPL,2006-03-01,62.72,2006,3,1,6.252739726027357
AAPL,2006-04-01,70.39,2006,4,1,6.336073059360615
AAPL,2006-05-01,59.77,2006,5,1,6.4194063926941
AAPL,2006-06-01,57.27,2006,6,1,6.502739726027357
AAPL,2006-07-01,67.96,2006,7,1,6.586073059360615
AAPL,2006-08-01,67.85,2006,8,1,6.6694063926941
AAPL,2006-09-01,76.98,2006,9,1,6.752739726027357
AAPL,2006-10-01,81.08,2006,10,1,6.836073059360615
AAPL,2006-11-01,91.66,2006,11,1,6.9194063926941
AAPL,2006-12-01,84.84,2006,12,1,7.002739726027357
AAPL,2007-01-01,85.73,2007,1,1,7.086073059360615
AAPL,2007-02-01,84.61,2007,2,1,7.1694063926941
AAPL,2007-03-01,92.91,2007,3,1,7.252739726027357
AAPL,2007-04-01,99.8,2007,4,1,7.336073059360615
AAPL,2007-05-01,121.19,2007,5,1,7.4194063926941
AAPL,2007-06-01,122.04,2007,6,1,7.502739726027357
AAPL,2007-07-01,131.76,2007,7,1,7.586073059360615
AAPL,2007-08-01,138.48,2007,8,1,7.6694063926941
AAPL,2007-09-01,153.47,2007,9,1,7.752739726027357
AAPL,2007-10-01,189.95,2007,10,1,7.836073059360615
AAPL,2007-11-01,182.22,2007,11,1,7.9194063926941
AAPL,2007-12-01,198.08,2007,12,1,8.002739726027357
AAPL,2008-01-01,135.36,2008,1,1,8.086073059360615
AAPL,2008-02-01,125.02,2008,2,1,8.1694063926941
AAPL,2008-03-01,143.5,2008,3,1,8.252739726027357
AAPL,2008-04-01,173.95,2008,4,1,8.336073059360615
AAPL,2008-05-01,188.75,2008,5,1,8.4194063926941
AAPL,2008-06-01,167.44,2008,6,1,8.502739726027357
AAPL,2008-07-01,158.95,2008,7,1,8.586073059360615
AAPL,2008-08-01,169.53,2008,8,1,8.6694063926941
AAPL,2008-09-01,113.66,2008,9,1,8.752739726027357
AAPL,2008-10-01,107.59,2008,10,1,8.836073059360615
AAPL,2008-11-01,92.67,2008,11,1,8.9194063926941
AAPL,2008-12-01,85.35,2008,12,1,9.002739726027357
AAPL,2009-01-01,90.13,2009,1,1,9.086073059360615
AAPL,2009-02-01,89.31,2009,2,1,9.1694063926941
AAPL,2009-03-01,105.12,2009,3,1,9.252739726027357
AAPL,2009-04-01,125.83,2009,4,1,9.336073059360615
AAPL,2009-05-01,135.81,2009,5,1,9.4194063926941
AAPL,2009-06-01,142.43,2009,6,1,9.502739726027357
AAPL,2009-07-01,163.39,2009,7,1,9.586073059360615
AAPL,2009-08-01,168.21,2009,8,1,9.6694063926941
AAPL,2009-09-01,185.35,2009,9,1,9.752739726027357
AAPL,2009-10-01,188.5,2009,10,1,9.836073059360615
AAPL,2009-11-01,199.91,2009,11,1,9.9194063926941
AAPL,2009-12-01,210.73,2009,12,1,10.002739726027357
AAPL,2010-01-01,192.06,2010,1,1,10.086073059360615
AAPL,2010-02-01,204.62,2010,2,1,10.1694063926941
AAPL,2010-03-01,223.02,2010,3,1,10.252739726027357
