feat1,feat2,label
0.0820301380991962,0.9258051057928997,0.0
0.6942390653161138,-0.5594361237427837,1.0
-0.4506675585015775,0.8376384418727425,0.0
-1.5615979629560597,1.1433636220581358,0.0
-0.7624510357528851,-1.0410207208150821,1.0
1.3295801790755668,0.1714140923642818,1.0
0.17184437523918816,1.28613060932702,0.0
-0.5970770405724223,-0.4332011246355096,1.0
0.08374043118030644,-0.2939229908388528,1.0
0.604658778345229,-0.9925999477786536,1.0
-0.3611571102880389,1.1225679166800138,0.0
0.2414654432572929,-1.222789613412449,1.0
-0.049038473215239485,1.925072816200723,0.0
0.00991262612246564,-1.7595224731575394,1.0
0.5472096836109744,0.9710527051098727,0.0
0.01284317126609437,-1.2941275330191735,1.0
0.5744022721386156,0.5016004027297509,0.0
0.11689820412849874,-0.6797680083741603,1.0
0.43148799333561516,-0.01667001159427101,1.0
0.3028413471667899,-1.1948629305369325,1.0
0.7463269416233735,-0.7831293480331615,1.0
-0.472278269339141,1.176980790153396,0.0
0.3033719726728721,0.8384147871908796,0.0
0.42881130688746993,-0.3330394137217704,1.0
0.007323486462971907,1.066931684069741,0.0
-1.2240930514637611,-0.4429411612050601,1.0
-0.33881774545004456,0.8324556774630119,0.0
-1.1036476925692587,-0.7433566375203721,1.0
-0.10551349760028672,-1.1897910169262285,1.0
-0.9377390816831938,0.755154699386609,0.0
0.29711241580411707,-1.1385605710065239,1.0
-1.267941438751027,-0.7505807803748422,1.0
0.7046379144367275,0.05972838198785923,0.0
-0.38608379433830214,-1.5319111159522163,1.0
-0.573891246654093,1.0119886656259798,0.0
0.7776520656942736,-0.5479904314060637,1.0
-1.2891846637814035,0.1644425243239663,0.0
0.6654774215737579,-0.48337490424359575,1.0
-0.786813671350157,1.8163505957645263,0.0
-0.0020632245542455603,-0.24149196757057576,1.0
-0.7028769717078239,1.4311712526164668,0.0
1.640801030453487,1.22682318458232,0.0
-0.1114493238647646,0.3555219757382633,1.0
0.8195940699431173,1.6356598477214799,0.0
0.30323250935036905,0.39400394294103946,0.0
-1.6934374077673797,-1.2379705019610319,1.0
0.7992538733650831,0.7043454615335969,0.0
0.22812458195243937,0.9512021174874127,0.0
-0.836015623057377,-0.5900902849391243,1.0
0.9694518121173828,0.957173441042632,0.0
0.23423502686137676,0.6968784515194715,0.0
0.05073209760864961,1.132411779405468,0.0
-0.17188978379961573,-0.5031228898679564,1.0
0.5157117407017278,0.8502681639330194,0.0
0.028299236591532436,1.14558342823986,0.0
-0.638268369097563,0.17550721685947646,0.0
0.6633832624143957,1.5765716492320434,0.0
1.427118223720471,-0.4890321221921717,0.0
-0.24182822198918744,1.671375507237321,0.0
1.8235169808939975,-0.13598025358126442,1.0
-1.2575922865203957,1.5942865697311293,0.0
-1.304966608607697,0.8861457876802774,0.0
-0.31616162828090333,-0.6810954118292581,1.0
-0.1468506691533353,1.8617867434299342,0.0
-0.6285887820836559,0.8414389959186499,0.0
-0.5443421339525317,1.4187066235504735,0.0
-0.6522701105255803,-0.9210646580155615,1.0
-1.1605842734934504,-1.1760271422534538,1.0
0.5419976696660425,0.6223809250374535,0.0
0.26247328844518425,-0.7811989242807718,1.0
1.8922743274241218,0.7817255122220086,0.0
1.5406603462965631,-0.1279758444305421,1.0
-2.7964478839136544,1.8714788767635124,0.0
-2.419695313062412,-0.05870027134873687,0.0
-0.8174248855317007,0.8732585345851547,0.0
-1.0975965428179961,-0.2794952630938631,1.0
0.18534962964035634,1.3241080934389993,0.0
0.6993022600996928,1.0722728563781707,0.0
-0.5218478120014449,1.0644391639825612,0.0
0.14575205443729253,1.2952546041228066,0.0
-1.7827973944490492,0.6889250818688631,0.0
1.291805664825675,0.2589464405621552,0.0
-0.17927957251385856,1.444621566821106,0.0
2.0343814066568733,0.8754768361483062,0.0
-0.9744080551075007,1.0386673445817365,0.0
0.32550292316936513,-1.0949634874174612,1.0
1.8897422598461873,-0.06465924458983012,1.0
-2.5457500754756914,0.39416212849552307,0.0
0.05824293165274437,1.3634276819235687,0.0
0.4798723266467338,0.7590920942350298,0.0
0.7392172334314934,-1.3308312617247438,1.0
0.05240215706462496,-0.5820538648643669,1.0
0.9651239343048508,-0.6341155277142735,1.0
0.3890157149767958,-0.5964254250003916,1.0
1.2883168298077199,0.5397541129351956,0.0
0.15036549773287022,1.2452569804419842,0.0
1.2456045547194263,-0.7260008446105838,1.0
-0.513661042842535,-0.9185634273654785,1.0
-0.3566010514656263,0.33793337605883855,0.0
-0.5695234005408216,1.3273975679339651,0.0
-2.0257899379971227,-0.12361576506404497,1.0
0.34027404322497834,-0.5898304554089523,1.0
0.339705211912311,0.7398725245682862,0.0
0.36360334992453097,0.5728692731471573,0.0
-1.5477361526013953,0.6197075540429581,0.0
0.6650557688575985,1.7475226711499297,0.0
-0.6899967127135952,-0.5982055756791379,1.0
0.949400737983158,1.2185949157731912,0.0
-0.4598479227534937,0.944443266640406,0.0
0.0297499069151321,0.7327597478147413,0.0
1.2807063935655976,-1.825367687763097,1.0
-0.12023958092825363,-1.2278772491202625,1.0
-0.861075844700545,-0.8655212448532982,1.0
-0.2791631261761038,0.8648670823154018,0.0
-2.0229418794953884,-0.6721095112484736,1.0
0.26248558068394356,-0.23138515205900018,1.0
-0.3716734037429985,-2.125684567606753,1.0
0.5690263767160676,1.0136739617573967,0.0
-0.9662026166339011,1.1471626304595965,0.0
0.6076201986145043,0.6263088708965164,0.0
1.3182530488797055,-0.011861584591816595,1.0
1.2949851410158506,0.8601438293342765,0.0
-1.2220851543304097,-1.061319827600483,1.0
0.73519282936304,0.9198576691061526,0.0
0.08033674481460007,-1.6010869073152108,1.0
0.1945732585824196,-0.05198681431098604,0.0
-1.1753356461973092,0.6311750528281173,0.0
0.08795970530415004,-0.25363272796893727,1.0
0.29456336195928434,2.336658863044625,0.0
-0.049948964744912845,0.42353279958267037,0.0
0.5535531722831913,0.9488989466793007,0.0
0.15108007770496606,-0.22294103713297056,1.0
0.27886716066619516,0.663836051032332,0.0
-0.8423414773804765,0.5604769494683262,0.0
-1.2092786034517247,1.2887119091532526,0.0
-0.4363983728636371,-0.45147726558145335,1.0
-0.4711140864551443,-0.4890836772398216,1.0
0.6680686655436079,0.6679145850350393,0.0
1.134602227364447,-0.768113341359884,1.0
1.3047529021944035,0.9472963983638633,0.0
-0.24565321127222098,-0.4482089453206985,1.0
1.0164192687294598,0.7735972265393171,0.0
0.5795358781434411,-0.7184161495971463,1.0
0.8692584830950608,0.9450956874771416,0.0
0.09008057652615598,-0.49415788381021525,1.0
-0.6721481397988989,0.43146699198392185,0.0
0.3200802106285111,1.7168189858363059,0.0
0.6766147263541789,0.6040048192132448,0.0
-1.5209093367940092,-0.7488066354457741,1.0
-0.1735159997976699,1.2167394304835228,0.0
0.39519386624917435,1.2869392729114895,0.0
-1.2105149749168396,-0.5606668335458591,1.0
-0.7889747768154952,1.248368728082301,0.0
-0.9956334222766859,0.00763935101152085,1.0
-0.5935756561850429,-1.4478641819514575,1.0
-2.1676155018937786,1.0557055488173515,0.0
-2.2577796235844656,0.6184587556074036,1.0
1.1714900517746958,-0.33465201402987504,0.0
0.20032481735353747,-0.050735516198753314,1.0
0.5334870003812192,-1.8304467572808656,1.0
1.1179872972619609,-1.5072523239591278,1.0
-0.9592389775119933,0.6321652260270693,0.0
0.1322895252995597,0.9767275414171123,0.0
-1.3203148728560148,0.5927653530187212,0.0
-0.17721642424418796,-1.577758028456945,1.0
0.362859909608965,-0.2301654269119309,1.0
1.252092960733109,0.2955767264195476,1.0
-0.8401303665884112,-1.0911538781797974,1.0
2.0637873906599844,-0.6636149659917824,1.0
-0.13195075168263615,-0.4182804097988374,1.0
0.2800309172101344,-0.9439257344473602,1.0
0.9463824935964527,-0.15334814314670608,0.0
0.1744038067025798,-1.021722872533486,1.0
0.9614693475814832,-0.9711231525940662,1.0
0.3596164617225067,-0.11739138344554961,1.0
-0.26131990041781455,-1.3567775998838478,1.0
-0.9766994502335623,1.010826137846109,0.0
0.5053926975424787,0.8780086614381721,0.0
0.6834544694481169,-1.2330031041807235,1.0
-0.0672019186753218,-0.7253142752876583,1.0
0.01873115554205392,0.19636763870959137,0.0
2.151657871379624,0.4269723394102005,0.0
-0.22709664543535268,1.4328873009513188,0.0
-1.5201066719571985,0.40362108681910647,0.0
0.17130971710742107,1.1732418145742893,0.0
1.6127787632098913,1.2874598216219686,0.0
-0.8882700538230186,-0.8804041784759178,1.0
0.4210281425346833,-0.24131689351784089,1.0
-0.6139591286161964,-0.9872719708628792,1.0
-0.4875425606596691,-1.0143200912285297,1.0
-0.9336576540442763,-0.9728335817730885,1.0
0.9070693787316593,-0.40376644393103533,0.0
0.10866908811567005,-1.7163839587580998,1.0
1.773194290468312,-1.1839446608383284,1.0
1.7583616049968016,0.041703044247598034,1.0
-0.6130481804959536,1.1319396183008401,0.0
-1.539389969993125,-1.2633360409074854,1.0
1.6130223299030457,0.6432313465788259,0.0
-1.2521757637014004,-0.5939569587723857,1.0
0.3537246285488606,-0.8044888545923722,1.0
-1.5954152236251802,-1.3500292695265192,1.0
0.7688120206203579,-1.3893828096638767,1.0
-0.38467645939742556,0.891236041942577,0.0
-0.170323432285088,-0.5179672923143196,1.0
0.6278558918840159,-0.6737505315478753,1.0
-0.1342909299679398,0.7152870141767224,0.0
0.6856662579309825,-0.6945550894449211,1.0
1.3742063455569162,-1.33252572315969,1.0
0.14280057845964442,-1.586103494137439,1.0
-1.1252431650827572,0.18395802648720566,0.0
0.8842413698806968,0.4993840237539641,0.0
-0.22776061161867697,1.3692750601734338,0.0
0.5051575774244678,0.26437568061490535,0.0
0.7350232080501745,-1.5785197032882954,1.0
-1.0595506331325735,1.0097885561707838,0.0
-0.11926229677810299,-0.8370232053585146,1.0
-0.5811406855439186,0.30649054492599126,0.0
0.4022079997447189,1.2486225479580695,0.0
1.5612673384310118,-0.8544117807969415,1.0
1.6747010290938995,0.9486712858469691,0.0
-0.021344992158482613,-0.6880315428394204,1.0
-0.2841575802884114,1.7986985909989985,0.0
0.6688842215324374,-0.25712730175810433,1.0
-0.17028175891341354,0.1669968526719396,0.0
0.1440394112919271,-0.851390953827042,1.0
1.4850513896594397,-1.5554118473767606,1.0
-2.504138649662693,1.0443298177563114,0.0
-0.176452198132437,-0.7174390626969609,1.0
-1.1703036226666024,1.5370611354011048,0.0
-0.6123441422907298,-1.323481366227551,1.0
-0.08617349594278755,-0.267905556808926,1.0
-0.512917607309839,0.32610013436796126,0.0
-2.50481806689228,-1.1289948554165308,1.0
-1.1135289596187439,0.2923300820696254,0.0
-0.26435647338227647,-1.0583754387999542,1.0
0.9497181244383761,1.212029670336216,0.0
0.5128155826905604,-1.0454925241144202,1.0
1.520585084173157,0.2621497281943901,0.0
-0.44319691501614555,1.3300077803562131,0.0
-0.15371135263450644,-0.7856064177349297,1.0
1.379097655090075,-1.008453190631122,1.0
-0.050046013814039836,1.8180182144431563,0.0
1.6900511910230476,-0.9793967338141114,1.0
0.15269888014713473,-0.6362782563863753,1.0
-1.5537840387421096,-0.6136138035951983,1.0
0.6053478908697301,1.336047090278977,0.0
-0.42270862520098257,0.6167626686497883,0.0
0.5990114541463362,0.6701726559878778,0.0
-0.24317221693853833,0.5977078029370553,0.0
0.2716489457444302,-1.1424839242703375,1.0
0.3735119976108744,-0.8423004931531629,1.0
-0.6745452328468181,-0.6466643100059071,1.0
1.1595691549591691,0.5211290773776784,0.0
-0.9745055565487214,-0.11984368080293155,1.0
1.1908744751093832,1.4174660067998675,0.0
1.2022566206127085,0.2697580371780346,0.0
2.0668685658244454,-1.1074844416382963,1.0
-0.21209364113129603,1.0022890970850915,0.0
-0.08637369780118796,-1.5433004193884274,1.0
0.2751661497488352,-1.016137714421298,1.0
0.7244459463388215,0.3616419846149701,0.0
1.1295120905845628,0.8228682913992806,0.0
-0.7029164288606419,-0.7286938877746585,1.0
-1.2399718848345422,1.1291151040052156,0.0
-0.32979635034267146,-0.9414120324288213,1.0
0.03030450163220893,-1.4144841494433729,1.0
-0.9996363446644815,0.36359951820036224,0.0
0.915539816927729,-0.5009377236017032,1.0
-1.952712368091564,0.381170794864179,0.0
-0.3576841358208667,0.730450804779606,0.0
1.1549805614205175,-1.2770595090771326,1.0
-0.20436416280949968,-0.7855822492565059,1.0
-0.5965542472366219,-1.1933833103061702,1.0
-0.6005768192510614,-0.8539814410518578,1.0
-1.8593450057683871,-0.7507928572141291,1.0
1.2833512662704525,0.6888421967622548,0.0
-0.8388630043105632,1.3400179785451896,0.0
2.1276413590758727,-0.6700047828328483,1.0
-0.6371573290092016,0.5452438924423512,0.0
0.13666905428667586,-0.5671818049127614,1.0
-0.3624635111587952,-0.7208685233501151,1.0
0.6329727407669155,-0.9183983943948606,1.0
-0.7141925972387176,-1.731227791923656,1.0
-1.855160647242039,-0.9522355188940532,1.0
0.11745107765434207,-0.2947497648450542,1.0
-0.5590336816096153,-0.9916768366315206,1.0
1.023036743795766,0.37963217825967005,0.0
0.08265338432633562,-0.3122059008750902,1.0
2.3688481910788863,0.9734434120793889,0.0
-0.7585905601946236,1.7117294414495106,0.0
-0.12388148249853195,0.5332443309347512,0.0
-1.0943333029248643,-1.9600580449353087,1.0
-0.900316107213314,0.9100920568539186,0.0
-0.7786787246653868,1.1923977422251038,0.0
0.9716204256244791,1.3795769132286937,0.0
-0.22201911431932314,1.147526285789468,0.0
-1.0107525414793694,-0.578790580812504,1.0
0.15312498187284496,-0.33452820765322533,1.0
1.210860365336793,-1.695643626345487,1.0
0.9115893662930536,0.8907724913094445,0.0
-1.633032801762772,-1.2880375587456212,1.0
-0.6823351005624249,1.040862670619034,0.0
0.5179084740775388,-0.9505803204953657,1.0
0.7996958039084703,0.5357724538646323,0.0
-1.0807044498501406,0.7901747313194178,0.0
1.6381319111228483,1.571534404937216,0.0
0.3633928905361182,-0.9308302647413134,1.0
0.9412740293712963,0.01287815230275697,1.0
-1.282338857807222,1.0082012124182946,0.0
-1.1598891582510362,1.065382613342749,0.0
0.6841162330440858,-1.393901487498148,1.0
-0.38868491297448077,-0.824885219337808,1.0
0.1824450018296906,-1.0981006704407563,1.0
-0.37846801689989384,-0.4678185286890062,1.0
-1.853230158692395,-0.4198071038270124,1.0
0.3835631979541892,0.7502652356196715,0.0
-1.225185809968424,-1.1391620621010317,1.0
-0.24947522247077747,1.219562598987107,0.0
0.3830382536103149,-1.2637116977922631,1.0
-0.8845241178171589,-0.39632961899908625,1.0
-0.432179799026534,0.22267717431176237,0.0
-0.15269536813661733,0.47652182743169785,0.0
-0.16381281834207004,1.3153212306110456,0.0
1.2731519738353843,0.8889616506333471,0.0
-0.15794631843696788,-0.5746212981897607,1.0
1.0387665730819096,-1.4284478612494214,1.0
0.5661281975138096,-1.152062009593658,1.0
-0.19660524630528695,1.4099651444578756,0.0
-1.2681747006745794,0.5248616316244527,0.0
-0.0024993488684443925,0.004892479312941478,1.0
-2.006260436284246,0.9569141665252386,0.0
-0.13386752689500564,0.21907981849255276,0.0
0.6674256204265959,1.1587288334790493,0.0
1.1264358772105754,-1.117842361156752,1.0
-1.903088894192821,0.8940073479699552,0.0
0.06704646754287447,2.5995965295835006,0.0
-1.5829053906373112,0.8995503922550899,0.0
0.3062814669093264,-1.154648109902541,1.0
-1.352617095700389,-0.9055065170234835,1.0
0.5926605888136488,-1.037308750147345,1.0
0.07123303739048795,0.9570690363530739,0.0
-1.8810524383464786,1.3179313741500056,0.0
-1.0560282467080058,1.0294956217332223,0.0
-0.3692211362696817,-1.6087892013449,1.0
-1.099444190138195,-0.2047781531618056,1.0
0.8747392090122862,-0.8005066707659199,1.0
0.25102530306552423,0.7153352449604735,0.0
-0.8507911152370018,-0.6858646997252188,1.0
0.46670871715419127,-1.072721902143447,1.0
-0.2808274496903603,1.118818087224593,0.0
1.8633264333350321,-0.45739213669712364,1.0
-0.5683005049947617,-0.47863928979548764,0.0
0.18056079561346336,-1.443340922289405,1.0
0.3342543071685625,-0.6272240457511056,1.0
1.1395425700980275,0.7600430122279644,0.0
-0.8103049993333887,0.4667542753534628,1.0
2.4564313903475647,-1.765375890287748,1.0
-0.81579340543527,0.5183359989469383,0.0
-0.4285489268592819,1.1705029111588936,0.0
-0.5417915277656354,-0.9681674108654623,1.0
0.6125840790825912,-0.5837823163878066,1.0
0.9817484235376731,-0.6886403178111814,1.0
0.5469910601644628,-0.0013573645011616276,1.0
0.7440793088285594,-1.264540766241616,1.0
-0.12764085726576457,-0.9546935961850666,1.0
0.3111680680823266,-0.44708260822163126,1.0
2.2858911905553345,-1.3419317266567279,1.0
-0.18566775883736275,0.4003372134717127,0.0
1.6112440243345267,-1.095149266043725,1.0
0.7500349653753904,-1.4065803699538961,1.0
1.1041095547142181,1.0568509071552878,0.0
0.8164181125872951,-0.5431871310777443,1.0
-0.327356456241329,0.16199309892658756,0.0
-0.20081810862329103,0.7722360169070505,0.0
-0.9137744813046517,1.1449171330992536,0.0
1.0643033356973537,-0.34726482754108573,1.0
-0.3701717475167203,1.1148893424192377,0.0
2.4001926565739176,-1.2017615082688176,1.0
-0.710155716197721,-0.3400666618673947,0.0
0.49796885279444575,1.289301905614236,0.0
0.8353293510834792,1.6822128832307943,0.0
1.0518426938977163,0.7412094460593696,0.0
2.170029132389333,-0.11931010549152295,0.0
1.0931307091522546,-0.69254068780713,1.0
0.7609830341188948,-1.2604983475302645,1.0
0.6231948455096864,-0.3373837880525112,1.0
-1.0783003185721698,0.8091045419965279,0.0
-1.3078827501757557,-1.073033696532597,1.0
0.519439241688593,0.06132481296033117,1.0
-0.6264899028534406,-0.7964734459594036,1.0
0.7925191187019008,1.7613726446741071,0.0
0.3268323660616012,0.7843629098578428,0.0
0.9234805457636148,-1.577925118882503,1.0
1.150832546374549,-1.2232132878086122,1.0
-0.6052597028399372,1.1085895194577824,0.0
0.4620197151195531,0.7257416822454525,0.0
0.9468884971206843,-1.6553457809886212,1.0
-0.547892575202256,-1.295426884686935,1.0
0.3382234909580024,-1.113475031850003,1.0
1.8774131478603708,0.14343118272518804,0.0
-0.24031966123391907,0.4770633510071061,0.0
1.4860090113962696,0.553109295082532,0.0
1.2371590134177943,-0.7348574107772244,1.0
-0.0528368226536075,0.7315148786026751,0.0
0.07422293424769211,-1.108690182769156,1.0
-0.2695697409144793,-0.263649398652053,1.0
-1.7576860417097917,1.5247222153166737,0.0
0.991243493353032,-0.6905743515933732,0.0
-0.9861031234871317,-0.5894555083881607,1.0
-0.7885131974368232,-0.35050511444395605,1.0
-1.5358667146198088,-0.22940886994803358,1.0
-1.1293780160605398,1.846232460765259,0.0
1.4245579206792298,0.572877482692707,0.0
-1.402956580954046,-1.3040698970728666,1.0
1.1864257591139498,-0.7248109469089201,1.0
1.055207977058753,-0.6747001917840608,1.0
-0.2299126761974334,-0.5066510805071859,1.0
-0.0513723802278295,-0.8347797313110031,1.0
0.09210693254915457,0.06981381173356274,0.0
-0.05235559374663657,0.02384820435952392,0.0
-1.367612567625357,0.3897764826050833,1.0
0.08969948389881327,-0.7815013640423022,1.0
1.5479778650932219,0.7269261122611084,0.0
0.947209420133879,1.0732058352890599,0.0
0.3100652114124251,-1.1517279817985118,1.0
-1.8539734335700608,-0.40051973720345846,1.0
-1.0733680632562095,0.7183112802347453,0.0
-0.7658074417891328,1.4874492684552767,0.0
-0.5974622923049443,1.6074874587723644,0.0
2.1194075274269366,-1.4972234919444412,1.0
0.039831515731166015,0.6137449417682475,0.0
-0.04662006568778998,-1.0077601355426746,1.0
1.001567789221744,1.4760665684715992,0.0
-0.9721224826058397,0.12015324643771066,0.0
-0.47417894774989744,-1.7651837448992453,1.0
2.117323730038495,0.44744179850118154,0.0
0.0400852671896448,-1.2729121981181184,1.0
-1.8052466823051283,-0.20168213830067777,1.0
1.3706305025809906,0.5108043059795085,0.0
-1.4232756594938214,-1.3616265556191776,1.0
-0.6195858600805724,-0.4855168553268529,1.0
1.2075214828486236,0.3107001052122909,0.0
0.32791376693077373,-0.7956388689416194,1.0
-0.2130924333787683,0.8519968182643448,0.0
-0.005220162735091333,-1.3980023410731968,1.0
-0.03961636902017153,-1.8549157694620557,1.0
0.0006212152057272384,0.0933345076836286,0.0
1.0913488580827744,0.48959184960834634,0.0
-0.1890122608145593,-1.1426903470372227,1.0
-0.2353024543295897,-0.39443156325954265,1.0
0.3057458749844004,-0.5813671546692675,1.0
-0.8213742459653864,1.161832187185357,0.0
-0.30399844795008163,1.1582876054413427,0.0
-1.5490179348165334,-0.6432832402115386,1.0
1.2619939717525037,0.6177377680566338,0.0
-0.8108150151047226,0.6994532412079711,0.0
1.3616376657187235,1.1556016975400811,0.0
-1.9515907060938227,0.24923156389132592,0.0
-1.6484639224092121,-0.3602482298952483,1.0
-1.2731899040003238,0.17258541029704752,0.0
1.1139257520864712,-0.32215369793067966,1.0
-2.0629609207267143,-1.3124258910607678,1.0
-2.682205599598516,-0.97914848949755,1.0
-0.5099801566654265,-1.380478473218826,1.0
1.0535768440445743,-1.5602505731076524,1.0
-0.20818938346637672,-1.865148458131447,1.0
0.3513982885320738,0.3152698739208157,0.0
0.13252198263476497,1.13996587604121,0.0
0.06379464752314812,1.1637289722112552,0.0
-0.4876597926248219,1.0919070626927763,0.0
0.9599498537836241,-0.4227512598586535,1.0
0.285444644701909,0.6685064949745597,0.0
-1.574596327098477,1.3654864353657847,0.0
-0.4837524030496286,-0.5408125863451347,1.0
-0.6291155667536402,-0.7817361342220888,1.0
-0.7932346643122344,0.625006669105253,0.0
-0.149725441076412,0.14961017359718637,0.0
-0.0839574769221634,0.5382943423749517,0.0
-0.8411827150781591,0.32806053009377434,0.0
1.2381302217362988,-0.521680711346579,1.0
0.4261947720707361,0.79712698362378,0.0
1.4579895250394665,-1.931090198451327,1.0
1.0639116438002407,1.7280239897136127,0.0
0.9942454764626595,0.09487399369530726,0.0
-0.23982889217404363,0.050003722207129744,0.0
0.5326524074315171,-1.4268987563261555,1.0
-1.5879722674363632,0.4254549383144736,0.0
2.7648146007491645,-0.6506612418372877,1.0
-0.7032675346402911,0.6458003964902601,0.0
-0.3543506923113693,0.5563751749483246,0.0
-0.5759437000313407,0.4325062593874608,1.0
2.069387793548968,-0.6143324158942872,1.0
0.012268039813051246,-0.5878655983425556,1.0
-0.6476289932644738,0.9765304694023943,0.0
-0.8156883162509783,-0.2539622877002255,1.0
-1.6270107667150129,1.7980108380628346,0.0
-0.6443826775724265,0.7411614798959169,0.0
-0.35655416572735926,0.8704703361050481,0.0
-1.0910940766243333,1.21836897151169,0.0
0.4568694810410332,-1.1827398187594778,1.0
-0.2560412896938228,-1.1238524205107845,1.0
0.2977491026479493,-0.15663163969217483,1.0
-0.5297347180752634,-0.7499973749936469,1.0
1.051828389602955,0.8688247006085867,0.0
-0.4369397045637159,0.47499452608155995,0.0
0.7262254555366848,-1.4350557442915917,1.0
1.0344124234483947,-1.0446717462684132,1.0
0.8544492025334701,0.588808410873346,0.0
0.5773464309752065,-0.5591504010471651,1.0
-0.3339198700898836,0.8650963485344074,0.0
1.0217761689840335,1.9640396842151036,0.0
0.0442290079411307,-0.39150638030644913,1.0
-1.1923819979642372,0.5085541518636205,0.0
1.2970240851553356,0.8389117794825812,0.0
-0.27987267754260725,1.2100440059101345,0.0
0.4078912764580673,0.7797323202405747,0.0
-0.45060407707157146,0.9428885165988724,0.0
0.9677514919325017,-1.6676069710223826,1.0
-0.19612235038495812,-0.24896340779087592,1.0
0.6246686359956382,-1.9174158801413494,1.0
0.21798169578144158,1.1964695528398601,0.0
-1.227798201807027,-0.828438098652512,1.0
-0.12940222636836313,0.7587064750768824,0.0
0.0563548958400267,-1.4631332825183905,1.0
-3.0579433390658903,1.0930510438528724,0.0
0.660373123582848,-0.39251973114726624,1.0
-0.17371247231150944,-1.5524966841638552,1.0
1.0672267566891938,0.7920546438551652,0.0
-0.6582398495211746,0.1089409737574643,0.0
-0.20421023046411682,0.4471421674205392,0.0
0.435922580866178,0.49367325304537096,0.0
-0.8040295453326165,-0.2810301096991214,1.0
1.571773331118491,-0.5807724848933703,1.0
0.34892102534106717,-1.0716932605831373,1.0
-0.38474348283816084,1.3153822602863205,0.0
-0.728172246974098,-1.2194339058409038,1.0
-0.3320586200975742,0.7519679795856767,0.0
1.5028680080451033,-0.41335586761309706,1.0
-1.3162073372946093,0.8871967770158858,0.0
-1.2654339670749648,-0.32385883761518336,1.0
-0.19963675736820707,0.6669801249067553,0.0
0.4738990391592504,0.27841103823268415,0.0
-1.5658273958990243,0.5357545174509024,0.0
0.41439369501892315,0.5385319477759749,0.0
0.15287164117052546,-0.8845057699392779,1.0
2.689640164435462,0.28794355820745104,0.0
-0.4754624557338871,-0.9811716248527372,1.0
-0.24648874034616208,-0.8129137117600159,1.0
0.7611927826049865,0.7876289974623507,0.0
0.5000112761405376,0.279411659093039,0.0
0.44908025349023467,-1.0643888747874963,1.0
2.093394905190853,1.0138164485899004,0.0
0.12466039316619053,0.23388571827507998,0.0
-1.1078403606763365,-0.3946446274508743,1.0
-0.21583828607326738,0.9225395124960112,0.0
0.2734838173950026,-0.45675705528751664,1.0
1.7257991691277774,-0.9499950014878503,1.0
-0.04549888666028011,0.9056189624637899,0.0
-0.42996673296423626,0.9154631850749778,0.0
-2.1514824360749216,0.6596734924667781,0.0
-0.14632942590910797,-0.18337205874785337,1.0
-0.9928542397499821,0.6200070573895572,0.0
-2.0445768486777545,-0.14289609621516558,0.0
0.06781105844047491,-0.6054417548394239,1.0
-0.4056876571288091,-0.32908559125681724,1.0
1.4773990706720792,1.1928483073571596,0.0
-0.46048444819800716,-1.1695050329061731,1.0
-0.32292335206818007,-0.39404487098925595,0.0
0.5432640217664269,0.08042052592787234,0.0
-2.5123407146669505,-0.23043476542472519,0.0
0.5980068538698533,-0.8998390401230195,1.0
0.1419907004498211,0.7511747674912631,0.0
-0.5962264504361046,-0.8052376701221449,1.0
-1.02549464890054,-0.6158797184023939,1.0
0.2322952555673712,-0.683693867702253,1.0
1.5720600405079546,-1.2485289311567214,1.0
-0.17199061747336106,-0.4031698140195198,1.0
-0.4431080829186573,0.5431390452373301,0.0
-0.31526220648733444,-0.2418911693227007,1.0
0.1131325188788567,0.8120278700116977,0.0
0.2811614884718082,-0.4321784006053235,1.0
1.1577675749742224,1.4196074488851815,0.0
0.29345319561051014,1.4173576241512988,0.0
-1.0324543079567081,1.2536009399828871,0.0
0.2680050501913145,0.4267460416376035,0.0
1.0579531387193157,-0.22946644318026288,1.0
-2.554483841712272,-0.1087151283179379,1.0
0.6577532375946383,-0.05792153855000305,1.0
-0.29200184198973617,1.6762162059722912,0.0
1.0363814478944888,-1.4959779822284531,1.0
1.0709071119910984,-1.8475544970691327,1.0
-1.4045235472646447,-0.6690684012181978,1.0
-0.062093701664304064,-1.4912413189565688,1.0
-0.1763938121623983,-0.5613482725871621,1.0
0.2259674975402809,0.3383123010918319,0.0
-1.538569801483879,-0.6676879352938008,1.0
0.23881004676772905,-0.6827227602144035,1.0
0.9088091363052208,0.6150684068048267,0.0
2.0232623591028336,-0.6828337749125103,1.0
0.40449402106569265,0.8017578785046681,0.0
-1.047177785670193,1.1264059522071084,0.0
0.06466283076728725,0.23936159840978563,0.0
0.15555332224003793,0.25434164896593237,0.0
0.008599596608107822,-1.3022826151215188,1.0
0.4457844964643112,-0.1861819646319046,1.0
0.1507841948838185,-0.7389372728555903,1.0
0.9184253667970678,1.7729916607141694,0.0
-0.3680776298834348,0.8987079525797392,0.0
0.06637251810808996,-0.5683225733744097,1.0
-0.3190228951688715,1.2706655358639087,0.0
-1.2359490470063474,-0.4943143827106397,1.0
-1.9509942349983198,1.0280720708497322,0.0
-0.8625599515538409,1.3588838218050396,0.0
0.0665252764442355,1.3163010827060697,0.0
0.37060796940251944,1.214704016033167,0.0
0.5312292631410176,0.6046633406881795,0.0
-2.2338910632014515,-0.018785347673695788,0.0
1.8526338889163716,1.2399732490345732,0.0
-0.43033835572805645,0.3906324762092978,0.0
-1.3954829444470165,-0.9790474270420597,1.0
-1.17375115479778,-1.0626903562586374,1.0
0.013786324544562589,-0.38277076707322244,1.0
0.7636153394874193,-0.006960545175181661,1.0
0.8987159020155214,-0.3950416805765024,1.0
1.8151664443359135,1.1361791062227409,0.0
2.1649209237955773,0.135724409810265,0.0
-1.2988580323040553,0.9042389558955808,0.0
1.2003292223607702,-0.14192251009123955,0.0
0.553184535342436,-0.5777576774999756,1.0
0.036866220104476995,0.5232271354506992,0.0
0.21069954245332803,1.121529901100368,0.0
-0.6613326147690273,-1.158425959126356,1.0
0.0763142729001827,-0.7174087515773683,1.0
-0.7187756203282303,-0.5106729057098629,1.0
-0.38918657930009604,-0.6821980701340882,1.0
-0.31199432502422864,0.993886693949992,0.0
1.5753427211983224,-0.7059338042753432,1.0
0.829718061963417,0.4096956774873972,0.0
-0.8456559541347348,-1.4731150098887043,1.0
-0.27195022666284513,0.9448056592591578,0.0
-0.4756627300542497,0.9997366948915081,0.0
-1.162532900057234,-1.5776896395040925,1.0
0.6561335546481603,-0.4005632555722798,1.0
-1.5262524115457716,-0.7289786830777929,1.0
0.5168325912442473,-1.0199093842115357,1.0
-1.8275092050326365,-0.7286304396280505,1.0
-1.6567519352035862,0.15267338020574933,0.0
0.03360338012151305,0.9672479036446952,0.0
0.208962050282071,-0.3244170075080031,1.0
0.8770884713488719,-1.0155642274260712,1.0
-0.6655502852825421,-0.6744733935694901,1.0
-1.0413383663141695,0.7094817699039546,0.0
0.9680726465926776,1.3947876153342336,0.0
0.5608075832884326,0.016956366978538636,1.0
1.283328392482897,-0.8599664330411736,1.0
1.2692976937356861,-1.6366674341596859,1.0
-0.13555165762817542,0.5008515251720986,0.0
1.186559285082163,-1.8492563452866126,1.0
-3.0682876835125437,-0.7990102547272085,1.0
0.7787443055060737,0.6571857764567839,0.0
-0.530604591222856,-0.3202251819323542,1.0
0.14606080067345703,-0.9507330755889982,1.0
0.300860642227093,-0.18351472994856244,0.0
-1.0827418414950951,-1.6267938488369216,1.0
1.137847176576415,1.0247880619105658,0.0
1.0966680625446719,-1.305759204279727,1.0
-0.6269535258254177,-1.6789685445276066,1.0
-1.1898966001291935,-0.35278978837046654,1.0
-1.2467457575291438,1.2950862390775295,0.0
-1.0772280115309272,-0.5880409991918486,1.0
0.07505552722762635,-0.804118919374477,1.0
-0.45595879918392124,-0.7875115231234784,1.0
0.042384784829732264,-1.619752336453586,1.0
-0.16653606398097756,-0.39285647010610886,0.0
-0.36143862615256983,-0.9117604503800102,1.0
-0.23549639539444753,1.598313309223717,0.0
-0.681316632283123,0.11408986747955473,1.0
2.1473380524760457,1.229843187146746,0.0
-1.812753794202228,-0.8463417612548024,1.0
0.2700709319683698,0.9821396879485742,0.0
0.8571451184022553,1.3243794639270923,0.0
-0.46846502253329825,0.348279836495804,0.0
1.116422447795639,0.287054453394364,0.0
1.9945318834499632,-0.5584401930118722,1.0
-0.881494113952491,-1.3877406449926948,1.0
0.3807268829589149,0.1642106692782702,1.0
0.16668768789647342,1.4131158006391595,0.0
-0.0065441128006869876,0.013553839828610683,1.0
1.3423172156226904,-0.6607417577011294,1.0
1.3109516828998147,-1.4369878955875415,1.0
-0.3134515850377503,-1.3471783735833118,1.0
-1.6532289394461355,-1.2643359269187893,1.0
-0.8502589966409662,-0.2048809598221101,1.0
0.5237763302268564,-1.4724060896008824,1.0
-1.1790672177249926,-0.12089285841850561,0.0
-0.5985967632787956,-0.4185610211791318,1.0
0.6431955955553359,0.017896134263325054,0.0
-0.1702233376926483,1.407846736166397,0.0
0.5079453901094377,-1.1012068566998119,1.0
1.477917979250826,1.700644996334884,0.0
1.163642777366917,-0.020553509554179783,1.0
0.047703415879233727,-1.2205361026560413,1.0
1.810370185530665,0.12110195452027865,0.0
-0.8393251782980994,0.7917324705943173,0.0
0.5573792331071932,1.0818748045394884,0.0
-1.3928109707927676,1.2142641594008632,0.0
0.4350202306330235,1.1683498274379114,0.0
0.9921353318107131,0.9053561777325021,0.0
-0.27542411694450514,-1.1754961159187687,1.0
1.2548396995662965,0.338751123458457,0.0
1.1110484998143146,-1.4820352991164156,1.0
-0.8883046024459722,0.40547560977426933,0.0
0.9224376024997311,-1.9037943407585616,1.0
-0.46171460911456047,1.4019299511979977,0.0
0.09921005688317348,0.6825410618046666,0.0
-1.008265508715014,0.2667437061388108,0.0
1.5106572552535382,1.1984752963874041,0.0
-0.38309362580268036,-1.3931076086880672,1.0
-0.6546337929613876,1.2742797022693755,0.0
1.5400050687038083,2.0572803279770007,0.0
-1.5436558384190076,-1.2921931295721358,1.0
-1.3863350874848581,0.6356954707947582,0.0
-0.08362555937736822,-1.2011111079052121,1.0
-0.736824065627864,1.860687827484199,0.0
-1.2802474762094702,0.9926132665812121,0.0
0.8896298361193985,1.5965094188078548,0.0
0.785006066814076,1.0501825056867415,0.0
-0.38788660208322695,0.5223420479438293,0.0
0.17287748163181088,-1.5364636929518825,1.0
-0.41302970231316094,-1.0047505155475016,1.0
-2.5878965188764766,-0.5908355244441283,1.0
-2.177666849696883,0.5341986348869908,0.0
-1.082934425786447,0.9962081001083329,0.0
-0.9785223440890729,-0.24500766153731934,1.0
0.596950167353094,-1.4510508556040702,1.0
1.036072626796686,-0.8625592999659405,1.0
-0.7414515368795679,-1.669723087112694,1.0
-1.409971930731134,1.6388485113428704,0.0
-0.09064625347083004,-0.7518390708072568,1.0
-0.2885173758298412,-0.6874415835256086,1.0
0.002693829432461559,0.9386293574984549,0.0
-1.0830737890941249,-0.5448831895430393,1.0
0.41079907074121885,0.8732680778928731,0.0
-0.2678333073272844,0.7763332240273224,0.0
1.5567319577861025,1.4638469518089774,0.0
-0.849595482071472,-1.5241184048282415,1.0
1.5854972522154995,0.7122615005972849,0.0
-0.9777532886761606,1.4695145160430976,0.0
0.09390934013198224,0.8632359867492558,0.0
0.47419552826971534,0.9700622731668069,0.0
-1.1475098319658827,0.4384934430472028,0.0
0.699504956645431,1.6803270312229672,0.0
0.7797329080087002,-0.2947328231946461,1.0
0.2647409856553784,-0.799309492216512,1.0
-0.8514713333014207,-0.20937504991872125,1.0
-1.5737894895839475,-0.3720628361235227,1.0
-1.810835011990757,-1.2516971055699824,1.0
1.0999508837063374,-0.9655719669089724,1.0
-1.4358512682189521,1.7502528138434847,0.0
1.1208119281265998,0.9989623518316174,0.0
-0.19282925500031103,1.104210672527381,0.0
0.3787676685384931,0.7318278807855577,0.0
1.4762869953575604,-0.9075089595728042,1.0
0.841531600664389,0.15495896356783787,0.0
-0.19085538291154647,0.07758117623171881,0.0
1.1440059749047684,0.8341812142269455,0.0
0.3030765839002529,0.6305381819702744,0.0
0.29274051258281103,-0.9037704607594346,1.0
-0.6123977701900104,0.5172882618030761,0.0
-1.152386338664094,-0.5081686083094942,1.0
-1.5674748340079674,-1.29130362279796,1.0
-1.1221036552458252,0.24283967554473346,0.0
0.5717143328608507,-0.44841812331369785,1.0
-1.2296905785249672,2.0979124442669552,0.0
-0.8563194098745263,-0.1894203371856636,1.0
1.5179228007117507,0.8480355733494207,0.0
1.7944886405306488,-1.2952301533537283,1.0
-1.3762734869998654,-1.2975266917955468,1.0
1.0192024616445212,-1.4475276297985162,1.0
0.6331510908628841,0.5493252031012384,0.0
0.4344021303064724,-0.28497678263878784,1.0
0.6148768036032227,-0.26695774012486956,1.0
-2.1790740620338394,-0.760736079418642,1.0
0.020176974104910074,0.8524918106089505,0.0
-0.6461915394293977,0.5803153692139338,0.0
1.721419606101073,-0.5790095244932547,1.0
2.209479106287826,0.5682451752554231,0.0
-1.4185596705115424,1.4251311311832795,0.0
-0.33925455983721076,0.16318404035127648,0.0
0.029402456576139338,-1.2895121722253338,1.0
1.6821035299616354,0.9235347322161336,0.0
-1.1015409861593326,-1.233577941843291,1.0
-0.03303703156804909,0.9856754276427641,0.0
0.631557627274758,1.5557953191915361,0.0
-0.022954374862093924,1.188336481857938,0.0
0.750919082186517,-1.721831735892468,1.0
-2.1893443534461277,-0.8069229895654734,1.0
0.4331889162576349,1.4223750653867682,0.0
1.1142891224858216,1.623648399444913,0.0
0.171856384404888,-0.8598270846625219,1.0
-0.5033625210245859,0.9167850378279031,0.0
0.9398993372034207,0.806609293572945,0.0
-0.41411336498505374,-1.3678058817215184,1.0
-0.19977404651719996,0.8192346458064758,0.0
0.8391145922031262,0.13996656209163877,1.0
-1.7960724213546564,1.032844014101894,0.0
-1.40819590520108,0.8899454360227055,0.0
1.0410195980485346,-0.8686176706723867,1.0
-0.7076207220823684,1.8365653999660345,0.0
0.5433933612941884,-0.8811894503186873,1.0
0.6637566668059113,-0.8076648334864632,1.0
-2.048517371954408,-0.6289428640407088,1.0
0.5908592947171989,0.47205642337141707,0.0
-1.7843698879358252,-0.39303219541815926,1.0
0.5384912631230898,-1.1329761809613548,1.0
0.41984867153764427,1.3127315897144864,0.0
0.46048254725965787,-0.6670844160800101,1.0
1.07608687702611,0.4674979017415797,0.0
1.4053559940051188,1.3094537997343925,0.0
1.0490082235111742,-1.2095175053332454,1.0
0.1692743581460251,0.8041312915590377,0.0
0.16083513463457053,0.8209391399999214,0.0
-0.42412649644329625,1.5005411484668136,0.0
1.001239508753064,-0.7492454225310128,1.0
0.5835471957775596,0.09810134586602566,0.0
1.816314740924834,0.9437829471671851,0.0
0.6177349857214973,-0.015198052291022241,0.0
-0.46069508437530177,1.2016417808403017,0.0
-0.6384187928528656,1.2421679300573887,0.0
0.6072403464126055,-0.3722714664920048,1.0
0.2590963676199902,-0.8966181866844981,1.0
1.9714710049521484,-0.19479284383535522,1.0
-0.29575583012658896,0.7123450095718713,0.0
0.10599933740768261,1.1631283806279258,0.0
-0.6586641724654595,1.3081720151695162,0.0
-0.44181750020060345,0.6060877346974274,0.0
-0.7995794281915517,-1.4792918170535037,1.0
0.008012321571187335,0.6091061464567091,0.0
0.305971553273382,0.12102049084817797,1.0
0.47900538840762585,0.08587847697214508,0.0
-1.6901927034691486,-1.1996278440590262,1.0
-0.4654618921366826,0.4701820675782148,0.0
0.17170762526071193,0.7522483412391884,0.0
0.42991530243456105,0.8982844806941377,0.0
-0.9956130845406665,-0.7316202726278264,1.0
-2.876800623580565,-1.328702020682076,1.0
-0.11768791908638768,0.09356920863514402,1.0
0.9671361659417016,0.5626734101151903,0.0
0.24727022488482367,0.5487204760384475,0.0
0.7342334321134525,0.8060862192916562,0.0
-0.10966698893684872,-0.8279022086174932,1.0
-0.05048364605616544,0.9055581184063287,0.0
2.2316879614186838,-1.373391458532339,1.0
0.018042670238342506,-1.6709694923054386,1.0
1.0229862046020255,1.140711069208925,0.0
-0.6223253584333504,0.30936026909241754,0.0
2.1234622121086724,-1.1085842532172694,1.0
0.0035728974071291583,0.2757648630861029,0.0
-0.28839657622119624,-0.27671981893521547,1.0
0.5523629276578584,-0.6416108011853041,1.0
-0.820085477214531,1.1326365321526544,0.0
2.2454248882927055,-0.49603141505253445,1.0
0.6756793441861023,-0.9049841623684479,1.0
-0.3134897741987008,-1.0348941900446027,1.0
-0.2050140756965264,0.3953522103972218,0.0
-0.7589573778970293,0.548898316647096,0.0
0.4926051735216584,0.6829032757692668,0.0
0.8135029424003712,1.2705720585998599,0.0
-0.37956559212061536,-1.1429628985503875,1.0
-0.7688509335017427,0.6632023439699984,0.0
-0.6620810359857227,-0.8198532756711422,1.0
-0.836092306700895,-0.7836950271367046,1.0
-0.18145169061785818,0.759358838437946,0.0
2.5065934182647704,0.721371649877945,0.0
-0.7324621407345472,-0.6399518862807894,1.0
0.3884410643551299,1.1510749463349015,0.0
1.5228005911556595,-0.9823556764900222,1.0
-0.3351851028735756,0.6522796056705212,0.0
-0.599831175387495,-0.7529289890131204,1.0
-2.4220725548328508,-0.9043534011371307,1.0
0.6451598906852899,1.7625989408451812,0.0
-0.6963682523728953,-0.8362826943355114,1.0
0.38284749236770893,0.3400549710901369,0.0
-0.13628555296248104,0.3707905955385396,0.0
0.5486160526938729,-1.2496657619768108,1.0
-0.7174027009384787,1.4567439336571142,0.0
0.5656287557540826,-1.4653518611698082,1.0
-0.5749157289472185,-1.3067258743550794,1.0
0.04575260865411849,-0.8845180752711429,1.0
-0.7912673116312487,-1.2440168351772662,1.0
0.5634844639512004,-0.4269936253078735,1.0
0.20361096684993327,0.6860751129092226,0.0
-0.67555160590681,-1.4987064455632078,1.0
-0.6469276936461443,-0.9289505517318841,1.0
-0.496536436688142,1.0504289286689212,1.0
1.797283150001252,0.1070754131617868,1.0
0.3828331293950135,-1.0127440056892918,1.0
0.7021761279413372,0.46752370024451,0.0
1.5658971771189103,-0.2785409151459669,1.0
-0.2915867774269795,-1.175228104445204,1.0
1.2889393865845127,1.0098171769492095,0.0
0.1662554768978899,-1.5388992810548807,1.0
3.2968535920948643,0.5419876157964901,0.0
-1.7889698543322756,-0.026157651369939718,1.0
-1.358237128281974,1.512789924351609,0.0
-2.0840531170411762,1.3316488302812022,0.0
-1.811216158105109,-1.184923172516052,1.0
-0.8704507205120529,1.3737415990021882,0.0
-0.2188127192751011,-0.8498376414593658,1.0
-1.7250780530332717,-1.1931216863968934,1.0
1.1060977367806244,1.0039763496867669,0.0
0.12189470687226117,1.3956440849443557,0.0
-0.9734171603636956,0.2094691999362974,0.0
-1.410649262248305,-1.1082031344001435,1.0
-0.6330356681126249,0.6868793212459156,0.0
-0.8061253645882289,-0.9221096641556512,1.0
-1.5507132211525465,-1.3809345634534402,1.0
-0.16834402031770662,0.22000201203561476,1.0
-0.26716234424365465,1.562437374447267,0.0
-0.7845708199101115,-0.47495104203789545,1.0
0.43750826233611506,1.640867078991272,0.0
-0.8041522767192849,-0.36606545398667323,1.0
-0.3921058578855499,0.33046674817651805,0.0
0.24608695946518702,-0.6026063951755699,1.0
0.35750386546245655,0.7724663377493441,0.0
-0.03607082679697536,0.1336970292071452,0.0
-1.3931092788617878,-1.3001998211895753,1.0
-1.3320662089857933,1.1558119544648813,0.0
-0.6987935960727496,0.41699689534970863,0.0
1.1302161677805018,0.5856054382938061,0.0
-0.47847076111053577,1.5548594714718649,0.0
1.4747454762047851,0.3744259029540496,0.0
-1.6154651353256655,-0.6245528318746468,1.0
0.4599013937411239,-0.7283952842137247,1.0
-1.1225982943378112,1.2212625428507482,0.0
1.1813660208755896,0.9426950442489079,0.0
0.1357627748972444,1.084725457424213,0.0
-0.09783913934261004,-1.3565499070426923,1.0
1.6171884613473033,1.0661152492412285,0.0
0.19678765436145604,1.8929551620462175,0.0
-1.4681758388349353,1.3342236680392747,0.0
-0.3110825796600458,-0.6568139047156953,1.0
0.5988394156334208,-2.1777331301171814,1.0
-0.20282907484165266,-0.4182425765223888,1.0
-0.31381147591665154,1.260196734171639,0.0
1.3222755522196548,-1.6928138554900156,1.0
1.1030569664431427,-0.41886295906347226,1.0
1.5871615805413215,-0.9792785682004138,1.0
0.1258875289352744,0.12416697080814577,0.0
-1.4414831732463493,-0.9089492701301733,1.0
-1.0343616628909045,1.1379045678970232,0.0
1.4785060604498803,-0.7716798043351563,1.0
-0.07296298103070897,1.5875117432143362,0.0
1.368173122262683,1.1278865703108791,0.0
-0.6503743082311971,-0.06680594090299029,1.0
0.7632589257602337,0.2939883530724527,0.0
-0.43742856697488464,1.588883947621402,0.0
-0.5787751439350539,-1.2047852480038326,1.0
0.15090930297939434,1.3463403135254082,0.0
0.7382091490469221,-1.1531574482994145,1.0
0.7361225205161124,-0.5231693462706136,1.0
1.6467501810252623,0.1647743698278029,1.0
0.2155894184055114,1.2370105019646431,0.0
1.0603498685987829,-0.8721819949789007,1.0
-0.5106423201944662,-1.0133554042511779,1.0
-0.7807460015383991,-0.9876241802286937,1.0
-0.2486265995852201,-1.3125990912797112,1.0
0.9931689858119817,1.317626686157124,0.0
-0.38562896602060226,0.16847514208563308,0.0
-1.1662322938954839,-0.8755012666924167,1.0
0.3602737275243622,0.8370295084312931,0.0
-1.1527072235433928,0.6699897306338021,0.0
-0.7791710911881312,0.6622369651271466,0.0
0.8146003757336617,-0.6072963382454734,1.0
0.6060664277119944,0.5422023106355904,0.0
0.036377094422433136,1.1800264966822063,0.0
0.32686887334995013,-1.6646983741737702,1.0
-1.4501268397033433,1.4769313038072656,0.0
0.27609177484058245,0.6247283384923027,0.0
0.5748552452744394,1.3979121955904028,0.0
1.3552321354822519,0.5791336971638315,0.0
-0.7795247060596723,-1.3988323644674299,1.0
-1.1132829383440834,1.2357260107698593,0.0
-1.272159098307307,-1.3481415176934788,1.0
0.04755870774165131,-0.044763161037881485,1.0
-0.4590762876238137,0.95250172547391,0.0
2.3631254196942484,0.8102177872521297,0.0
-1.0046372331922606,-1.5362995347392834,1.0
-1.045565175357997,-1.591931228292865,1.0
-1.1659389371829545,-0.2903447202253953,1.0
-0.3569882700545829,-0.8889025339596226,1.0
-0.28876040811000553,1.4752489031027307,0.0
0.6452537704156868,-1.6727832395585496,1.0
-0.025479080810925963,0.4857243403226975,0.0
0.521420103326102,-0.701779826934495,1.0
-1.1052505732545523,0.9346470437030422,0.0
-1.5626783815960288,-1.2062669120180607,1.0
-0.1994485234792908,-1.7524738649426947,1.0
-0.3718762523483526,1.1060763948806078,0.0
-0.3221777090793992,-1.4873019542865682,1.0
0.967616431176628,-0.446685731743393,1.0
-0.23541077955006082,0.7457986917749976,0.0
-1.688619504121787,-0.042025795853239095,1.0
1.5437246103810374,0.4039376770174119,0.0
1.3125404664111167,0.8430790329826277,0.0
0.5965255432522757,1.2282723648199898,0.0
1.7910597762904061,0.18203561851421604,0.0
1.7697774227986545,-0.9537997534516783,1.0
-0.1565272201167557,1.3752626748434733,0.0
-0.2155231476076691,-1.0581581721103623,1.0
1.7449199891512785,-0.8540156520653124,1.0
-0.26484199343246145,0.17144232645866953,0.0
0.7817724540861838,0.7962204444062801,0.0
0.763792511849458,0.5270812623884321,0.0
0.5709920840162654,1.447811542094772,0.0
-0.8020949855194214,1.4725787981258867,0.0
-0.016520521934227518,1.5294256340469154,0.0
-1.4705898695108592,0.5847824809161499,0.0
1.2757001845401306,0.624247133412089,0.0
-1.3704818294822119,0.6711799283857472,0.0
-2.1851572594495163,-1.0210998299224487,1.0
-0.3974038785794177,1.5921642382760144,0.0
-0.4387487775857257,-0.08550991703401946,1.0
-0.8277754877827431,-1.977723068464831,1.0
0.097205391808363,0.8382663555556341,0.0
-0.8862688923198173,-0.6941889704047436,1.0
0.15972537232318146,0.9390160117478418,0.0
-1.47030664666298,-1.0563301450820486,1.0
-1.6622515574393795,-1.3836139865156933,1.0
-1.2058827935226484,2.1267961091177234,0.0
0.033947778436205986,-0.5964082441076685,1.0
-0.6344803505268582,-0.934740641128478,1.0
0.969312990482252,-0.12687036455115316,1.0
0.4032645784262504,1.2203940192756133,0.0
0.21332872924517035,-0.3865170056685135,1.0
0.12543464448889224,-1.299888611802934,1.0
0.3794059538304832,1.2183937439961303,0.0
-0.16120369211183463,-0.4742375668995824,1.0
0.021051940832460113,1.5900261348698042,0.0
-0.47205382753813124,1.7183768886708044,0.0
2.0194765870952103,1.6629114367360587,0.0
0.514018612570508,0.918483055352556,0.0
-0.13411264864600347,-0.8563891910356846,1.0
0.348652820560536,0.4062840546111131,0.0
0.7366125809035012,-0.96789985044681,1.0
-0.40471753413609624,-0.1530220610208816,1.0
-1.1545389872213676,-0.6105986899655381,1.0
1.4691612593079395,-0.42943596890974367,1.0
1.241392317634727,-1.2415373269695344,1.0
2.543603743114053,0.61143213551864,0.0
0.7420932589482405,-0.6518900861110426,1.0
-0.1411330582271303,-1.2310682450258392,1.0
0.4878207428271133,1.5080400718043419,0.0
0.31200360648486436,-1.0305912850203818,1.0
0.6293421532641785,1.5023849083588732,0.0
-0.09327125956211446,-1.6337687007157184,1.0
0.12741337202465847,-0.43560946077908164,0.0
-1.9066228581471791,0.2782689785853429,0.0
1.3759154772597622,0.5478273062734635,0.0
3.1114071667179672,-0.6332220982464393,1.0
-0.8695311853770447,-1.3875549947650916,1.0
-0.4993921544846166,-0.8223480390604266,1.0
0.2763076896390863,1.3966485046432893,0.0
1.4425167216126455,1.150510799096318,0.0
-1.0097494985127542,-0.32418856622113335,1.0
-0.05950422020984505,0.7366275182188831,0.0
0.1076564286236353,1.4244977361713655,0.0
0.47159745920995466,-1.2478446064592206,1.0
0.5991206063970146,-0.8595018927529438,1.0
-2.622841581420445,-0.07765993432775588,0.0
-1.5350182135750448,0.4594057451055003,0.0
0.28339307877990194,-0.9255451542962603,1.0
-0.5292501785443936,0.33953663191342626,0.0
0.3924527742353177,-0.8941032746918287,1.0
3.2143782012779547,-1.3958227629085203,1.0
-0.638446233172696,-0.3506261652794953,1.0
-0.9237214578165455,-0.2787157034665966,1.0
-1.3989624519313038,1.2738842099945435,0.0
-1.0804339157828224,1.1614694186129855,0.0
-1.7845193141959699,-1.267032202044322,1.0
0.28532595809230277,0.5607389652760261,0.0
1.620025991353568,0.17195170819271313,0.0
0.5645714639724483,-1.2984505135769695,1.0
-0.45900396274726696,-0.9613984016211877,1.0
0.46729861795406674,-1.4218725742028255,1.0
-1.1705758528038586,1.6253218267924536,0.0
0.5134348752023633,-0.2931507564054589,0.0
-0.8910598640587151,-1.19137630878486,1.0
0.11419153280353336,1.746403420495911,0.0
0.37291950023503984,1.5979701254785779,0.0
-0.8035567270924936,-1.412775800165766,1.0
-1.5547217180424322,-0.89038906356678,1.0
-0.9036214400799267,0.7659823610427904,0.0
0.29551484608194745,-0.22027342475292067,0.0
0.5873011360782042,-1.5462319349725382,1.0
0.8244356359311722,0.7957331055480362,0.0
0.4182158501140929,0.730901685342867,0.0
-0.08690452406556423,-1.209515013922472,1.0
0.43495819704728894,1.7489135975812553,0.0
0.3397634624441143,0.4420686775326339,0.0
0.6641495401199933,0.685061824770454,0.0
0.46687774251484315,-0.11059886260881431,0.0
-0.9051070483794035,-0.3807315550246168,1.0
-0.2397443258476675,-1.2304328652908219,1.0
0.6618943852472191,0.2836453508351042,0.0
-0.5944436335520709,-0.8247905482100956,1.0
-0.47384347159294393,-1.0825488513837205,1.0
-1.4577085975997965,-0.6248349938682963,1.0
-1.6205678003487254,-0.48921441082101674,1.0
-0.10384203811518304,-1.1072474343660281,1.0
0.8560533295147649,1.0064434851532706,0.0
0.41180006542658654,0.6652723163982827,0.0
0.8793224186178494,0.2835403489215902,0.0
0.8410691609297388,0.9185767589432106,0.0
-0.05418172707393914,-1.1346794950766115,1.0
1.7255432980965986,0.4598536582324425,0.0
2.088335535849442,1.6714776387452897,0.0
-0.46727905115322727,0.15567359669448128,1.0
-1.6460822670699604,2.867934537025481,0.0
-1.5459773220269506,1.105323490490564,0.0
-0.4149837984630753,0.09470240046781593,0.0
0.3571586477014106,-0.04528215724079669,1.0
1.3589254863374427,-1.5028825709235196,1.0
-0.4072303132562914,0.25035927351573967,0.0
-2.7036582924026296,0.22917304850405043,0.0
-0.26130678119547945,1.5637932928591225,0.0
0.3727336343914332,0.6672060199062215,0.0
0.9169119893636389,-0.05166366698448105,0.0
-0.9425335803891582,0.30347747463719577,0.0
1.8999735800245818,0.13817465922760583,0.0
0.9010794168749784,-1.1862598110968865,1.0
0.9910150805714159,1.048399004957633,0.0
-1.50590161827599,-0.4490983457497485,1.0
-2.669530147224718,0.6306599512902749,0.0
1.1844976133728675,-1.5067920869298932,1.0
-1.331139539174745,-0.551798674556051,1.0
0.059403696756092375,-0.6456134729625759,1.0
0.8244351383921197,-0.6282665832268116,1.0
1.09900708492297,-0.5133604995902175,1.0
-0.17477801752233185,-1.802011015251577,1.0
-2.187951315357237,1.1555069144588166,0.0
-0.5578397029586426,0.7467783947371859,0.0
-0.14979744806990347,0.7874846008267843,0.0
0.10609024466514014,-0.4394929539551333,1.0
0.5822835870465164,-1.1561750456262692,1.0
-0.5743189821129183,1.845619789310214,0.0
1.7797722795133926,-0.9779813876366191,1.0
1.727161518432419,0.45278045868293654,0.0
0.6503669766213246,-1.2600848050508688,1.0
0.015342154255650789,-1.3709829600505874,1.0
-1.0517012098036715,-1.3672754548067505,1.0
1.6296281751641033,1.06903958473986,0.0
0.2660007376689187,0.8109242771040743,0.0
0.4459321668718775,0.2482320705745338,0.0
0.42083343712838733,0.497465882468306,0.0
-0.31617896848363103,-1.5896191957084411,1.0
-0.035725348787156476,-0.6852700162639899,1.0
0.47523666965730266,0.13634344953300245,0.0
-0.3018703333027183,0.648319435927954,0.0
-1.4146204802241922,-0.47927040470986776,1.0
2.0429158211146845,-0.20752797578777116,1.0
-1.8372492715405389,-0.7382617148384247,1.0
1.5683100480695227,-0.5178806022821982,1.0
1.9039840684825153,0.5390508681295036,0.0
-0.6318329671894612,1.2043678804189453,0.0
0.6339197507309102,-1.0355046265951362,1.0
-0.4361312347519237,0.122611644227331,1.0
1.7926967898012278,0.5841998682568273,0.0
-0.9884800815353475,0.9359606737457377,0.0
-0.8907451863187517,1.94682214111887,0.0
0.468362045213801,-1.5327559405721205,1.0
-0.7582505795685384,-0.8407617584748537,1.0
0.16738776497515134,0.9259693243426442,0.0
0.3957991494855744,0.9458621542934483,0.0
1.3395157356985556,-0.9038780555860805,1.0
0.5774766761470684,-1.3865438950797744,1.0
0.42308154220257843,0.6333802396751538,0.0
0.3680406454382461,1.3284980034276692,0.0
-1.191170864745882,0.6135672512600768,0.0
0.48565903122865567,-0.7426849658377689,1.0
1.0279265753430933,1.158695490599843,0.0
0.0862942669657107,1.0121696617317542,0.0
0.51546992284645,-0.12963927931436284,1.0
-1.5464817052261837,-0.4615342222608009,1.0
0.17417862864791467,0.8721206019114016,0.0
2.1398802349687527,1.868127038885194,0.0
0.2950607493536905,1.3846183387448656,0.0
-0.8117882944866807,-2.0066455886106387,1.0
0.5866434734068708,1.062657915034796,0.0
1.0784602756246937,-0.9670724305539181,1.0
0.6414137326449761,-0.9092649720364846,1.0
-0.9700967478236009,-0.7231953762739485,1.0
-1.1109399575649535,1.4322731929568084,0.0
0.5212951795263348,-0.20656812381678713,1.0
-0.15592367083523176,0.9839063818875396,0.0
1.669292759186983,0.9693115065467257,0.0
-0.5756314690385058,-0.9621516255125457,1.0
-1.812052745541925,0.9858292010363878,0.0
0.852372109197539,1.231092332824079,0.0
0.7980005962654488,1.2464282889748917,0.0
-0.24062647829505446,-0.4604594482413643,1.0
1.1802824009740587,1.7179231377361532,0.0
-0.5400834697791961,-1.9146470199277887,1.0
1.3824317649360691,0.08282584693250504,0.0
-0.8951071706298306,-1.5221091461193224,1.0
0.30149298166128213,-1.1734061892391179,1.0
-0.04788498710081576,-1.001496002376326,1.0
1.172798400969754,-0.6344440327413702,1.0
0.12802228606596866,1.110221102537476,0.0
-0.04362350668244162,0.48652228451071416,0.0
-0.8527047213209716,-0.7606387936099075,0.0
1.4734242043975965,0.8635390024837877,0.0
0.8182395285886557,-1.9646034931527725,1.0
-0.08340478762738032,-0.7098980021137961,1.0
-0.8189641845548984,1.4775291842411895,0.0
1.0849888951799338,0.22088925911944648,0.0
1.1056617064209784,-0.6925081996137031,1.0
0.4455981051023803,-0.7063279083692513,1.0
0.04363590457437497,-0.8552128293112398,1.0
0.5496157062907383,-0.34869784041130564,1.0
0.652679279189463,-1.0045961774692673,1.0
-0.9982968257889869,-0.5214327921019393,1.0
-0.9096389775650973,1.0113181812506218,0.0
-0.016678079466595674,0.8172928883008427,0.0
0.776167109409429,-1.5043602975856958,1.0
-0.19976485391115684,0.7963154280160087,0.0
-0.7891945527837196,1.4175370812861852,0.0
-0.21215418366970026,1.8005140538457765,0.0
2.821213811241467,0.3793679655954438,1.0
0.7392348727684315,1.2058730362994174,0.0
0.6507120079625311,0.06467505955429222,0.0
-0.04601798869432163,-0.6380871670105833,1.0
0.3780913156980351,-0.08235014931780588,0.0
0.40838087649569926,0.8876863658261958,0.0
-0.21271494892831616,0.5142436508414993,0.0
0.822563397639827,1.3232818983849584,0.0
-0.5860369477499594,-0.7005265142022312,1.0
0.48999252003365046,1.1109146567190358,0.0
-0.9339570300399248,0.7818003719053174,0.0
-0.4648835741676043,-1.067546165698493,1.0
-0.2770901024138256,-1.2459683394696432,1.0
-0.594143452931592,1.0149692429946677,0.0
-0.5748409489850378,-1.4963970360606087,1.0
-0.5211535392936535,0.7632845713789136,0.0
-0.8585694210004245,1.2486909138727413,0.0
-0.05214321670868233,0.6019361810544781,0.0
0.967474584615188,-0.3142010051763564,1.0
0.24594240818796462,-1.56478506282453,1.0
-1.9597485012443683,0.13274846812573837,0.0
-0.009028926665466898,1.1310105461960374,0.0
0.03598373718845734,0.9602059047443733,0.0
0.5504116916908015,-1.2089768586082041,1.0
-0.30129541995944203,-1.0259148484683986,1.0
1.5401219859857473,0.9040449497646373,0.0
-2.037343509748213,-0.5476942900654198,1.0
0.9134913570788843,1.0552582691790073,0.0
0.4770065985440539,0.5009400119430306,0.0
0.31828527944295737,-0.1887895444079144,0.0
-2.1495113362577523,0.42466876759658956,0.0
1.828639684321739,1.3186942615207997,0.0
0.2610154617480793,-0.05139585169053872,0.0
0.5624255323358707,-1.0030959265690695,1.0
0.29974910442948666,-0.035989679804427015,1.0
0.49753510585389643,0.6961377925265759,0.0
-0.21533361084526015,-0.5027267781337448,1.0
2.213912710309182,0.8721281768868225,0.0
-1.2094059691826848,-1.265281290160901,1.0
-0.8413431188319961,0.39894986725600745,0.0
-0.6278870303550712,-0.9390561874043789,1.0
-0.26660356015284403,-1.0913758117923538,1.0
-0.3151030830994396,-0.8866186525443855,1.0
0.3038409888029122,-0.997352006499618,1.0
-0.41134567968732444,-1.2149889284409945,1.0
-2.363235322685916,-1.3169510843613594,1.0
-1.233812828484644,1.1330573335622496,0.0
0.5531273485838557,-0.2727517161939589,1.0
-1.0496962955046087,1.2222206416598638,0.0
-0.4573774458585622,0.2276766634413902,0.0
-0.7119778112706404,0.744453591679472,0.0
-0.4898608289749078,0.8614922899511261,0.0
0.457524502559381,1.3860909333727771,0.0
0.003328984903150818,0.6292754220924553,0.0
-0.8728067437845096,-0.6164757916190583,1.0
0.24149240951368764,-0.9633641429887084,1.0
-0.6013579279964586,1.0728377226764534,0.0
1.5980832055695406,1.1047289270570808,0.0
0.5930875242624324,-0.11168247930704438,0.0
0.6774041143509552,0.4614554906684204,0.0
-1.6891712227323523,-0.07614289806985092,0.0
-0.08959358340592877,0.681457476250155,0.0
0.7551280009552958,-0.3560134952029965,1.0
-0.9447596517145468,0.5762760933718889,0.0
-0.5955228091763902,-1.645881486418007,1.0
0.08994441986877205,1.117618057083296,0.0
-0.8893987050714817,-0.9387536691590462,1.0
-0.6829171091642152,0.8417653358714341,0.0
0.7829458285134033,1.5275843961641324,0.0
-2.0006507336488397,-0.8873026687335007,1.0
-0.34778221889707905,-0.6636513313532447,1.0
-0.14705522674972896,-0.45746791840374007,1.0
1.6295853232848685,1.5925035118632223,0.0
0.6826692573825183,-2.0398278690612828,1.0
-0.4706426361078552,0.05602517697663996,0.0
0.2974750638048306,0.7495928111718215,0.0
-0.22292639591215338,-0.5945464657021786,1.0
-0.2972069094650284,-0.5898049304064432,1.0
-0.01686427977976621,-1.4180155893491977,1.0
-0.39227675869535167,0.6589239508554193,0.0
1.1769684258781037,-0.5024414930946599,1.0
0.6363470390400828,0.7301216766226138,0.0
-2.283918616107838,0.8127039636671155,0.0
-2.0851078137451005,0.33989753877995926,1.0
-0.962871932551193,0.268410546307883,0.0
0.7995779991808281,0.17405971775071777,1.0
-0.32290142524042353,-0.08842362643546185,1.0
1.0432114586651309,-0.02482316777957091,0.0
0.8849738306617179,1.104603138991486,0.0
0.32237875441407565,1.3625491551778524,0.0
0.6519975949145382,0.8327692702850075,0.0
-1.083372022109635,1.1008603978453866,0.0
-1.0478090959951016,0.3765193156796135,0.0
0.20340028280766595,-1.2560984370139145,1.0
1.5774023238577877,-1.0338813027606608,1.0
-0.5853395160791339,0.7884062955785425,0.0
-0.7559135162345857,-0.049935778366412054,1.0
1.6979074442310094,0.43787898695105587,0.0
-1.6283343536709496,1.871264053844585,0.0
2.129810081997567,1.3287738166953724,0.0
-1.6593122060463061,0.39385902773950043,0.0
-0.3985560886290399,-0.04176445266184381,0.0
0.971687655736566,0.724335115096376,0.0
-0.8139094820800117,-0.2033116348224947,1.0
-1.5746329059683783,-0.9639348116606947,1.0
-0.4133993637812189,1.2686405111320722,0.0
0.7272372336412647,0.07803204167955335,0.0
-0.4914321164782057,1.0268847138091888,0.0
1.861034880339673,0.3162585418680305,1.0
-0.22925719781139045,1.2735758446413574,0.0
-0.2813091546467485,0.7810450519279588,0.0
-2.01142197785433,-0.9240885840883033,1.0
-1.6552385720782168,-0.3797867047970438,1.0
0.3648790323998065,-1.5147894313220758,1.0
-1.008080801669763,-0.2268821073490453,1.0
0.27339051649584417,1.6125724985008278,0.0
-0.9152267962173398,-0.02713389563094177,1.0
-0.7994517884693167,-1.0613497139129278,1.0
1.0814518213403117,1.4366042968064408,0.0
1.023100129944988,-0.9046917729535163,1.0
-0.19413314929286105,0.5401022484207627,0.0
-1.4060500494318269,-0.579949975254062,1.0
-0.36849512616815144,0.6188636763525269,1.0
-0.5402926394472806,0.3007905810007429,0.0
0.47182640696888595,-0.404456905490988,1.0
0.26032613053366604,-0.48620512737398186,1.0
1.1595870629121376,1.6849959953230034,0.0
-1.147120471000316,0.20768544945346878,1.0
-0.05884607995368014,-0.6829503613510676,1.0
0.14627831663798474,0.7869255219657371,0.0
1.5032983721147455,0.9515170061717612,0.0
-1.155350796977144,-0.40321656580355336,1.0
-0.8426123002349636,-1.530882873097583,1.0
0.9111204833985498,0.14431651666732462,1.0
-0.3917092043958488,1.7655383248810037,0.0
0.26342357718688864,-0.8744499290309514,1.0
0.01887352718882211,-1.2935292985199152,1.0
0.40565033577472925,-0.03297295206605831,1.0
-2.1719015466730585,0.11755617658226115,1.0
0.049364272742449894,-1.2596849436078372,1.0
-0.7570810777759578,0.8727427223908777,0.0
0.9535305523755037,-1.0557910799167276,1.0
1.3017941624016753,1.3145311986362618,0.0
-0.38172439661548524,-0.8189234765442872,1.0
2.719750519115764,-1.1181899020631716,1.0
0.4866585682539187,-1.3311602854415723,1.0
-0.4536957008889262,-0.8951936018038098,1.0
-0.06333487350081025,-0.8171638376170007,1.0
-0.00047107782676704006,0.49378922615285953,0.0
0.0467773963248812,0.9559442772221369,0.0
3.007544573528064,1.268935924463974,0.0
1.093234033018048,-0.4745266228526983,1.0
0.8966052712862164,-0.37699602131064286,1.0
-0.49656095543734013,-0.3935463798941689,1.0
-2.050904787331097,0.1334360603634979,1.0
2.707097357274663,-0.916116778995526,1.0
0.00765031099864059,-2.240735441843448,1.0
0.978791104909712,0.5275807814177568,0.0
0.8169488501619393,-0.8125043102236696,1.0
0.8596628163081509,0.9111127314080057,0.0
-1.3415450033063205,-0.05008908827995228,0.0
-1.4145904589924316,-0.6691675406181924,1.0
-0.667202185024963,-0.4071344530513461,1.0
0.5620142218512385,0.99120184053811,0.0
-1.1074860360021586,1.2761043980750557,0.0
0.7765320555425698,0.5300970330970795,0.0
-0.7475907546823019,-1.0403949684033758,1.0
-1.434162077903242,0.38728391490589864,0.0
-0.5418465756145995,-0.5349539581056086,1.0
0.7895972827057762,0.7362098074318686,0.0
2.1879345507626295,-1.0233494500772649,1.0
0.19465738969632598,1.6416072737155734,0.0
-0.3457287013610778,-1.4881064711793976,1.0
-0.7203802976932734,-0.8641524953176938,1.0
-0.8872771666777686,-0.5874276462752382,1.0
-1.6421320935403543,-0.7643215473753673,1.0
-1.007666352444958,0.7937398437409832,0.0
-0.8902804092822493,-1.1838177398721,1.0
1.2559687368826284,1.851856396013353,0.0
-0.36984608639864563,0.5822169158290732,0.0
-0.675140483713237,-1.1786910196060747,1.0
1.135192928992253,0.7338201983884944,0.0
2.1950936731794464,1.2699012018244524,0.0
1.4952985892897803,-1.5493422894034719,1.0
0.6231383893272998,0.6106439537581663,0.0
-1.0514712217889437,-1.8946994356648137,1.0
0.216133469494859,-1.2938863606214688,1.0
0.14561715381285675,-0.9714514759001442,1.0
-0.9628500306980233,0.5838653101168633,0.0
0.1721929681217022,1.0574382114022713,0.0
-1.5082303895554183,-0.6370286938844669,1.0
-1.5605600929317924,1.5743421636328534,0.0
0.31467209352706277,0.698951023917173,0.0
-0.07244944333899483,-1.2526795214674358,1.0
1.0137312758009371,-1.0353928161148713,1.0
-2.0582087467069043,-0.7497557369368184,1.0
0.2202512583191156,-0.10439207274748627,1.0
1.4381654536959725,1.0097775053619065,0.0
-0.11990711477879833,-0.5757595774751966,0.0
-0.43751607159869815,1.6943542017194917,0.0
0.21772143882829062,-0.744939377695555,1.0
-0.5911505571822774,-1.4397582183343611,1.0
0.17482203556587791,1.4726878788741968,0.0
-0.8852005959868752,-1.1287583350214945,1.0
0.13511848669132231,1.14521208605019,0.0
1.2026036252327783,-0.9520571852096646,1.0
0.30323506581629095,-0.22005675201776748,1.0
-1.983299065623137,0.5477499747408814,0.0
0.43027051869390265,-0.7672325854656741,1.0
-0.46585880760268183,-1.2767048573450626,1.0
-1.457978321585312,-0.8789838000647971,1.0
0.47320019643945255,0.8096696728491123,0.0
0.28510061177316565,-0.09904492997014112,0.0
-1.151501151930535,-1.01889605227428,1.0
-0.8758921799771509,1.1588150749329473,0.0
-0.27416231468766766,1.2886701136897292,0.0
-0.5449381939039296,-1.0135137665156067,1.0
0.7230094616015897,-0.912971640539297,1.0
-0.20628677091867847,-1.4715961741266672,1.0
-0.19016193164522507,-0.3061757419381153,0.0
-0.7141131119351745,-1.1986600654214765,1.0
0.6586253456514525,-1.1592245494707865,1.0
-1.3139877795389148,-1.1631593078783566,1.0
-0.7370971864207655,0.40548507169414594,0.0
-1.9953604076433362,1.287662513870467,0.0
1.6045752309128969,1.4382527686506468,0.0
0.9936141156129439,0.9539571176001603,0.0
0.6993224046546231,-0.4968189363581103,1.0
0.8362408998131959,0.8662678818985333,0.0
0.33566189311180217,0.1786904507334869,0.0
-0.27603573845380264,-1.419277682242181,1.0
0.9377124127716561,0.8970775982427419,0.0
-0.6351018054034648,0.5827349589373783,0.0
1.2390037935150784,1.225317907842082,0.0
0.45626972515694736,1.5219136416006063,0.0
1.3893321122286832,0.9140954619978682,0.0
-1.3573085519322743,1.5986089808646413,0.0
0.9130038939274828,-1.549300943649149,1.0
0.8375834436283157,-0.5203424948238558,1.0
1.1468656196054747,-1.0990036435111155,1.0
0.5843636238460931,-1.3732530375286136,1.0
0.05339923176591427,-0.6103319352758098,1.0
1.2733468901941645,0.78881626179333,0.0
1.0930645645154318,-0.20748210642180484,1.0
-0.8069064667170642,0.4859529772714193,0.0
1.591358841706538,-0.540271619741913,1.0
1.4330833592797798,0.5329000512901043,0.0
1.0000158955745793,-0.8001631859809037,1.0
-1.8620117866712753,-0.5677010649584289,1.0
0.06095589814804855,-0.10684718679882421,1.0
1.1104232748002458,0.8738868785644561,0.0
0.4819236304772966,0.9693157593158446,0.0
-0.43530901937959793,0.8923416689277542,0.0
0.3129673897627729,-1.0559581936479427,1.0
-1.4431684935956766,-1.4390961291402755,1.0
0.7689759450068315,0.509006578733464,0.0
-1.1356954354530113,0.6734447416491527,0.0
-0.39961532050935555,-1.9154550567222657,1.0
-1.2540092791735042,-1.3367553198376567,1.0
-1.8659210570965512,1.4789267035961404,0.0
1.0311525486984208,-0.14752308616955712,1.0
-0.11947722314473982,-0.5001499471950746,1.0
-1.8870725056232567,-0.5642697694317599,1.0
0.8724619355412626,1.7792626029474434,0.0
0.957384322814705,-0.9547052293507359,1.0
-0.8981794828086996,-0.8184201013354313,1.0
0.3391474236667495,-0.7146015834672456,1.0
-0.12407940323922871,-2.1699175239938726,1.0
0.7411648796683243,0.8110367566378068,0.0
0.08134324974010226,1.318357371966413,0.0
0.022301871323712814,1.8839462549611208,0.0
1.1478891847849226,0.9485567523475986,0.0
1.1415842713566084,0.25852927649700386,0.0
-0.15142223512955758,-0.7302994381057561,1.0
-2.055541493767359,1.0951078310398552,0.0
-0.5757976213091331,0.8939855569578433,0.0
1.2073133046015774,-0.2921869391249091,1.0
-0.45462041969421,1.0132928931742016,0.0
-0.12233779248903155,1.3265741438437364,0.0
-1.211160290588354,0.6956264977315123,0.0
1.455158395168972,-1.0121522318049354,1.0
0.6114230612985486,0.9312928482791551,0.0
0.5227904368319777,-0.6667832487869315,1.0
-2.0829186034111165,-1.4901973212054458,1.0
-0.11484374681702805,0.6787306224540486,0.0
0.9372105595382247,0.45886605004504794,0.0
-1.1216598966146234,0.3164374924042214,1.0
1.7787263171722865,-0.7622194183400433,1.0
-1.1006914417476001,1.7156751521637694,0.0
-0.23849299644530164,0.696650761934145,0.0
0.5907152928615605,2.0184981634747823,0.0
0.7510990445379165,0.09278624684283325,0.0
0.3042540864236601,0.7209963425979257,0.0
1.2371210153689305,-0.8686403408687519,1.0
1.6117203803865001,0.9363989172144748,0.0
-1.4193191362767352,-0.8422987982102367,1.0
-0.421925538092391,-1.5301128725634159,1.0
0.4990121865514949,0.8394253897285161,0.0
-0.9243527792173466,0.5299059997894775,0.0
0.23510413873393624,-1.1962199049743667,1.0
-1.3238501876078848,0.7248578510293338,0.0
0.436083151651246,-0.010992637248684428,0.0
0.5093186066821004,0.6047946964742602,0.0
-0.09802405074826444,0.6965107296733295,0.0
-0.5135871483040407,-1.7524772095645789,1.0
0.48607103872629603,0.6040345553926144,0.0
-0.4595042987716262,1.4729795622370998,0.0
-0.42732414755336945,1.0788130311946402,0.0
1.6221070223107323,-1.5716146311450165,1.0
-0.8267645627733113,0.47581308693482666,0.0
-1.6827129302620634,1.2691630684094808,0.0
-1.387204401044791,-0.7999364382783417,1.0
1.3892031135715763,0.8043421911923355,0.0
1.518763628032065,1.6522029771685596,0.0
2.0342325357373467,0.5464055408798346,0.0
1.1395349815758138,1.1240108203182122,0.0
-0.18982655682826366,-1.1191335914191638,1.0
0.48968380465578154,0.7119994487693873,0.0
0.5011463597785968,0.7169021231107008,0.0
-0.024274840630750326,0.6501435965015867,0.0
0.0656895040362903,-1.3664168354967279,1.0
0.27392737165801667,0.8779757524513864,0.0
1.056345358420464,-1.1992268860702227,1.0
0.18134861470321775,-0.9387267892863328,1.0
0.2644958613130556,1.6852492014183247,0.0
1.369827448992047,0.963635651812703,0.0
0.6328221665252474,0.9029942277138915,0.0
-1.7277694664298306,0.8773704494254737,0.0
0.6426842839472697,1.3578737264903586,0.0
-0.6398757648966414,-0.9898612961678243,1.0
0.538932237069576,-0.5860555874679343,1.0
1.3617589924582807,0.7682046751821704,0.0
-0.8723896480238357,1.1924695889571144,0.0
0.30647390244128353,0.4782170233685035,0.0
1.9721583225206005,-0.7859913026030624,1.0
-0.36677712539209706,-0.7800248441037284,1.0
0.5004827061872412,-1.2459390491942672,1.0
-2.0936115086301124,1.0328207102506874,0.0
0.42300673246358805,1.4208469044897678,0.0
0.5271571373108878,-0.1508450755917365,0.0
-0.08849460425685197,0.2209788960412766,1.0
-0.19908939037561774,1.1285458816421763,0.0
1.899352013122673,-0.6140477731563952,1.0
-0.6468721014430362,0.3919125568108824,0.0
0.5533333603577966,1.832314723274935,0.0
0.7583171719980907,0.2170165581549677,0.0
-0.8336626404882759,1.2164492085410952,0.0
0.30418702762398997,0.9833642772485821,0.0
0.08091562157096555,0.8894266419346705,0.0
0.8231124744887449,0.513726546335872,0.0
1.0618821079003993,0.49780045966196096,0.0
-0.9782374031731007,-1.2995739394839763,1.0
-0.20373086887199207,0.9672782095467405,0.0
0.6415703400545767,-1.1549244647296146,1.0
-0.34402318905191,1.0454419633755276,0.0
0.4859167844688245,-1.2591013817668946,1.0
-0.6192237051465143,-0.6445361051265486,1.0
-0.9415238555849629,-0.9514728160191961,1.0
-2.0955618325615757,-0.26685827917981697,1.0
-0.7986195370140662,0.9742086626605975,0.0
-0.32540177403368115,0.899861449680567,0.0
-0.38740784952061325,0.46558700132858194,0.0
0.4996721577455603,-0.5714422351865027,0.0
-1.2661095101688342,-0.22693100819843912,1.0
0.4580215045631142,-1.2023050608989783,1.0
0.9740881699402199,-0.2115085679205449,1.0
-0.671034911713187,-1.1413222646283658,1.0
0.3529839606402282,-0.5559659737757958,1.0
0.6482095305258064,0.17917975435785133,0.0
-0.5487994705942288,-1.1810253405751294,1.0
1.5756689443163534,0.3913661860444872,0.0
1.3935892891027872,-0.3456268187562486,1.0
1.374853538217854,-1.2542067707763862,1.0
0.25918425380959026,0.7614490459494014,0.0
-1.4732315053297718,0.7694043849326732,0.0
-0.10446045556524376,-1.8286528464551826,1.0
-0.5637272066580407,0.6866791593291351,0.0
0.4655522884909624,0.9040019227051044,0.0
0.11805014956171138,0.5608595305330886,0.0
0.9145455049972538,1.3328262088547909,0.0
-0.46110870555642186,0.5051390694158777,0.0
0.9906168446042285,0.8276220813794181,0.0
-0.18468384252822836,0.9436035336354739,0.0
-1.567974228325396,-1.1998154054764536,1.0
0.902774143404746,-1.0158737230519688,1.0
-1.4533544393786715,0.590844786272742,0.0
0.6049838464647661,-1.927199318479561,1.0
-0.5421759008009959,-0.7059037584046682,1.0
-0.5845829905921116,0.006512409722424566,0.0
-0.30162881607468534,-1.246695357879706,1.0
-1.4433030699437026,1.1680790212977077,0.0
-0.11228985799384843,-0.9957049704743047,1.0
-1.05390031878294,1.1130088193212342,0.0
-1.3176400885009332,1.5994541136125993,0.0
-0.14933150010719815,0.44145411458477823,0.0
0.2709075073965771,1.299832307248301,0.0
0.6207998562242487,1.5672381420662285,0.0
0.49554932407613045,1.7210189053250995,0.0
0.2741882391537104,-0.4075652802700689,1.0
-0.04965877332716139,1.3773316685525137,0.0
0.3192022436940478,-0.7593729435333336,1.0
-0.7222028222354663,1.4253368701457558,0.0
-1.0449917950153493,0.6750831046111077,0.0
-0.7299435902060303,-0.8198742694768413,1.0
0.27747312372326616,-0.6123328462191783,1.0
1.2910345259818252,1.2222458095810875,0.0
-0.8511292677247312,-0.3243342992083967,0.0
-1.4774831797879282,-0.35244581267347747,1.0
0.8901332121297848,-0.7820783979290973,1.0
-0.7037800709465876,-1.442863979418809,1.0
-0.3756935657181716,0.11757598705691212,0.0
2.683833529698845,-1.1902023692385948,1.0
0.023692148650633016,-1.0869632957126425,1.0
0.7693966106536277,-0.526138992855853,1.0
0.13457348072801617,-1.1391715127835098,1.0
0.4600640052952749,0.035357863177761586,1.0
-0.6735922286006294,0.9803868488055743,0.0
-1.396600185191457,-0.9004208690035429,1.0
1.8002688982018613,-0.6854143554329784,1.0
0.060235429266988126,-1.3952370131948977,1.0
-1.22678029514489,-0.9440486206724691,1.0
1.578831299690556,-0.5651909492206508,1.0
0.316702452499389,0.3167081990017682,0.0
0.4364140423716166,1.4115846052140328,0.0
-0.9689814043473002,-1.3083970713791682,1.0
-0.29463209238779137,1.897394314782143,0.0
0.7094872006809664,0.6828155760150073,0.0
0.14284049791888212,-1.0544573442129792,1.0
0.022815118102011745,-1.4914891158723032,1.0
-1.2786506960404602,1.7455586023140193,0.0
0.2818996239806063,0.08905672393253107,1.0
0.48408956353480215,-0.14927556643756015,1.0
-0.014392843043778745,-0.6503412762786599,1.0
0.7946198046265155,1.3811087901295604,0.0
-1.7590339527855574,-0.5072248487017214,1.0
-0.494043155236697,-1.046196580026247,1.0
-0.2929964692324401,-1.2593223739513777,1.0
-0.162150145682327,-0.7617369327012137,1.0
0.6232423069289726,-1.088308742458117,1.0
-0.5330717107878783,-1.2962228477091207,1.0
1.8848875906873188,1.4150960411448796,0.0
-1.0957222300155665,-0.9987621493304853,1.0
0.5107289338791552,-1.087610715852116,1.0
0.481161972838442,0.8869910667061166,0.0
-0.8550395062039166,0.24954471387664198,0.0
-1.920006864951292,-1.5729264766605113,1.0
0.12854693167929748,-0.8054220064515086,1.0
-0.9617008062707207,0.48886228972353524,0.0
-0.5596234856812644,-0.8946281520062062,1.0
0.28885333111436623,0.439659586205555,0.0
-0.3752535904027697,0.09048937968611072,0.0
0.7478570649225501,1.7090766813840594,0.0
0.47543637737131933,-0.6060096213035735,1.0
-0.5104286567413772,0.6895601281448476,0.0
0.6584936465776161,0.47965734868860505,0.0
-0.18107214472113167,-0.5581520248840516,1.0
-1.8164006203430623,-1.7376915062277973,1.0
0.26145276106070353,0.7221973114823848,0.0
0.246225319288216,-0.7254805219395322,1.0
-0.6154390053844772,-0.4733949167812004,1.0
1.6143584759546474,0.9802391910234876,0.0
2.045505533302685,0.09763203849510672,0.0
-1.5533210706208616,0.05916031598250351,0.0
0.6730214983904387,-1.1865619316793203,1.0
0.5248247166352659,-1.1166793010082623,1.0
-0.9266938337751961,0.6404439778746075,0.0
-1.0560031586486434,-0.7365030528269809,1.0
0.06085887838217921,-0.06348041694888833,0.0
-0.32020854635560303,-0.8725384700007636,1.0
-0.19626809947682836,0.7354563667472356,0.0
0.8759998144314775,-1.2313609638017415,1.0
1.4076762728346555,1.5922816360070084,0.0
0.653705342372947,-0.6777018884396111,1.0
-0.6075765211051328,0.690510980736341,0.0
1.0817586850389054,0.38820648988664536,0.0
0.371227605315639,-0.5465721145363347,1.0
1.1451509282513448,-1.5572923812196093,1.0
-0.7151841677550945,-1.26254147651677,1.0
-0.43140227947705584,0.6037433080642104,0.0
-1.795897789449088,0.7534248671468308,0.0
0.8668228010134681,-1.2597964469049365,1.0
1.6020334313476932,0.4369056010592497,0.0
-1.1275786422603231,0.9678274841145711,0.0
-1.0998906405215423,1.1232991122974916,0.0
-0.002381157672101476,1.5782991325278706,0.0
0.7172067816145106,-1.0622887410762394,1.0
0.7589866551776374,-1.0712028587246385,1.0
-0.01804457325747342,-0.5015717082340576,1.0
-0.21365941764540386,-0.49921115890668066,1.0
1.551037522221573,0.6605562652077703,0.0
-0.15754788232069722,-0.4535962136882139,1.0
-0.5422345615909273,0.6404501100591352,0.0
-0.9238563548104103,-0.911643793632619,1.0
0.28552773894549904,0.6290440963561739,0.0
0.4445541141719651,0.7429553870511303,0.0
-0.8423163422325306,-0.6878244942945749,1.0
-0.60799365892136,1.2878332220335835,0.0
0.8159332440615752,-1.231004496812887,1.0
0.17244890027807538,-0.37684128463761185,1.0
-1.764185756863486,1.212917710053866,0.0
1.8652561417254903,0.08802313546475979,1.0
-0.11879521322399572,1.169757278883431,0.0
-0.2483541767510336,-0.31967153276975097,1.0
-0.0954369985982842,-1.4517830693810747,1.0
-0.2082257330384776,1.2591444354932488,0.0
-0.10592342331629981,0.7268612305822297,0.0
0.356719778564815,1.7936457004980504,0.0
-0.5161709282584563,0.857388130859426,0.0
1.143852171744216,1.394131035344276,0.0
0.33623101566171093,0.8131397195902154,0.0
-0.2191921927474324,-1.206425177850118,1.0
0.07933716843992566,-0.06458829930470389,1.0
1.608750709223361,1.0206829093559593,0.0
0.5786210491827234,-0.7477398594434317,1.0
0.8675857558621851,-0.6215362543234164,1.0
0.2253354381854841,-1.1848839293894449,1.0
0.0205843097034527,-1.029037631345014,1.0
-0.8835405521115482,-1.4159327889640647,1.0
0.041341700924305363,-0.6508222021012418,1.0
1.456762879955227,-0.8010453027847309,1.0
-0.044486220478033675,-0.05229976567239138,1.0
-0.003103025069249671,1.125842934779405,0.0
-0.7374789184651482,-0.3581633329949118,1.0
-0.14815102710414468,1.3835456397766426,0.0
0.8340856359767228,-1.282128621438576,1.0
-0.7732208059155227,0.35866685358745093,0.0
-0.7132239077024455,0.6403839559995094,0.0
-0.008021544523218991,-0.800544176182133,1.0
-1.345277015854967,1.147184240498574,0.0
0.9291301936562684,-1.312931754698919,1.0
1.2307496433357572,-0.9229150568303744,1.0
2.0185842757630352,0.6460352117112397,0.0
-2.0402826211365355,0.619489965511452,0.0
0.8368172059540553,0.7769449736677801,0.0
-0.7879432844903722,-0.9695683118366984,1.0
0.1993635946463537,0.05538560052181673,1.0
-0.8228396034247547,-1.14970132755808,1.0
-0.11517104690939703,-0.0697884789499743,0.0
-0.7149649419722727,-1.329564478711223,1.0
0.7562449897332378,-0.7106905427023769,1.0
0.1799203882295027,-0.8819739731246254,1.0
0.8870858808251323,0.5603864019057903,0.0
-0.015667300530973687,0.13566109865334297,0.0
0.632105595171667,0.15860564702474952,0.0
0.5202434164353562,-0.9848390131591064,1.0
-0.8912030050589965,0.8385327024798138,0.0
0.19391597337267552,0.47661744229165803,0.0
-1.0680652985210035,-0.46657038427102854,1.0
-0.3188559060451419,-0.6202401581778938,1.0
-1.1267409539972189,0.8895164957251145,0.0
0.30264721458776,-0.7692600931729244,1.0
1.4333729582546388,-0.9129804336017057,1.0
0.020040340951709878,-0.7227089487628545,1.0
-0.782395686506608,-1.1355512064723545,1.0
0.7426377692393843,1.2997137607026812,0.0
-1.0541102422616542,0.3550675112778985,1.0
-0.031181828952864088,1.2213937413925857,0.0
1.2856944883055301,-0.7871606077225878,1.0
0.28906540797082647,-1.6716006011004902,1.0
0.8771917639775026,1.3325503250328996,0.0
0.9480722031373033,2.0851256160282605,0.0
0.20197190383692273,0.42809989057213915,0.0
0.8368162451169052,0.637496374768774,0.0
0.0855230242186707,-1.6294797430305046,1.0
0.4319873266534571,-1.2130424646493063,1.0
-0.4851703295271541,0.13033265483250314,0.0
-1.433636509335801,1.5085280496547535,0.0
-1.310166104444188,-0.6021794172988825,1.0
-0.9720225941729332,0.1041792548532127,0.0
-0.2992661206761974,0.40389374968506386,0.0
-0.15222640746053587,0.495267759828268,1.0
-0.6039925542590364,-0.8325364516406564,1.0
0.8063920351217125,-1.8385357757210117,1.0
0.11984490563892283,1.461523960109198,0.0
-0.7872367260920156,0.33516395496693935,0.0
-0.8472022210327417,0.903122618472416,0.0
-0.41857574429665245,0.49699641525094473,0.0
0.7106130969980449,-1.0476496628485152,1.0
-0.3617777090732502,0.9701892372648397,0.0
0.2958652730917294,-0.9218770825855286,1.0
0.6351855727119585,-0.5916240233170216,1.0
1.1429080267014953,1.036744752560197,0.0
1.2773962272916872,-1.009208403834371,1.0
0.45609198497141284,-0.7521095116918542,1.0
0.6387400071942714,0.8221101906071068,0.0
-0.028735327104012432,-0.913094158904165,1.0
0.6028123192770137,0.6221173922848384,0.0
-0.3233688328535287,-1.9922656753669483,1.0
-0.8498218850254401,-1.4747647887800257,1.0
0.2727479440949839,-1.2467452128320233,1.0
0.5647234524155728,0.35165876863282164,0.0
-0.23665360390578047,0.30160116850249374,0.0
-1.0412645831681302,-0.7341099233908408,1.0
0.08009525718764368,-1.3932642195369194,1.0
-0.2024154188410862,-0.9817964252195671,1.0
0.491874725643314,0.7887533655992632,0.0
-0.5511193144600625,1.1768513617648093,0.0
0.26184806497351004,0.47410644810733227,0.0
1.1590894151613842,-1.3660826271094817,1.0
0.6022604632407917,0.7542588167086107,0.0
-0.12572771552689782,1.2584961798828902,0.0
-0.31376618104338044,0.9764468911429158,0.0
0.34262570966304956,-0.3803318759577411,1.0
-1.176577874689028,-1.359273525785545,1.0
-0.409658654913684,1.3003163693652071,0.0
0.004477899150742212,-0.9208302986886218,1.0
-0.6065880161530611,-1.4963416037459587,1.0
0.3389758873365281,0.7528411085945346,0.0
-0.4631351220519529,-0.8158507523894298,1.0
-0.6715462203986861,-1.533347877175214,1.0
-0.7442848310823662,-1.1193453493970058,1.0
1.149623438941348,0.827987648819755,0.0
-0.27474026803875845,-1.2827294561688154,1.0
0.5587697664187052,-0.8648340790847024,1.0
0.183894385142925,0.9089459743748974,0.0
0.917675327187616,-1.4104160001760455,1.0
2.114057524755479,0.8344694797609213,0.0
-0.3186344030605453,-1.775653367862153,1.0
-0.05902161322015494,-2.1093704136968725,1.0
0.7650801576211249,-1.1027902025059262,1.0
-0.21995449741632114,-1.4238896628310034,1.0
1.0775075191886039,-0.4445196698371125,1.0
-0.16449217155266382,-0.34169845670622145,1.0
-0.7670682885536214,1.792843863699711,0.0
0.10309273591179192,-1.0978098358469273,1.0
1.6199535474427722,-1.391038628065197,1.0
-0.6796114725283,-0.8553532211857211,1.0
0.3408169145099149,1.2816922373445245,0.0
0.13074963711251747,1.877887220338585,0.0
0.6736425713948038,-0.984301093739257,1.0
1.6634056631874008,-0.7547156683208046,1.0
-0.3123602337487744,-0.41751235793902536,1.0
-1.4495178526088495,-1.5577504490919942,1.0
0.2214661260005884,-0.3054139865392725,1.0
-1.19113071635993,1.2247872153644523,0.0
-0.33949884255101975,2.2907356384100908,0.0
-1.3333645532454335,0.9586015397336489,0.0
0.9871538877043257,1.2936407759695463,0.0
1.4437284557793966,-0.2028717330724001,0.0
-0.5013281765167006,-0.5626137247859412,1.0
-0.8699042780888767,-1.206482665361363,1.0
-0.6805738697013888,-0.4383311280653633,1.0
-0.08289245265676615,0.7929244916055281,0.0
-0.16993765597206326,0.028130686044343284,1.0
0.988742452287444,1.0286194474856925,0.0
0.14189972644551863,-1.6740204154730445,1.0
1.2068105165153207,-0.7879586817377863,1.0
0.45742213884109145,-0.5494797630334173,1.0
-0.6330799600329423,1.3842580717511146,0.0
-0.7093973465514698,0.5531609563744889,0.0
0.20977229433811126,-1.6327724903321734,1.0
-0.8810541781802902,1.0365905440496517,0.0
-2.158060793124651,0.9177686608597303,0.0
-0.03154328595459705,0.542031764608666,0.0
0.37366013594187686,-0.815327010121987,1.0
1.5430273516339859,0.17512611674876424,1.0
0.67576392204631,-1.2651952852099047,1.0
-1.6060693910288768,0.2767363882470553,1.0
-0.040930934127184,-1.3911104579566091,1.0
1.729082336140152,-0.6148695844829736,1.0
-0.8685821228249172,0.37160059596610634,0.0
0.7006488733632701,-0.9557189478484897,1.0
-0.10516868522988618,-0.8930390618345561,1.0
-0.4733145426498482,-0.2617784667548032,1.0
0.07397749394864896,0.46977548911975114,0.0
0.5453724409867242,0.3779898129861224,0.0
0.35229525838469067,1.4772609596779207,0.0
0.09739739828083492,-1.5064319544554634,1.0
-1.123716579474192,0.8138338249305046,0.0
-0.1499901958577954,-1.5537283164404714,1.0
-1.3285312162106466,-0.42653036249659687,1.0
1.0970969445355172,0.5489781645219527,0.0
0.10644606708029358,-0.9468606119162949,1.0
0.8662412680398677,-0.09260039087166104,1.0
-1.1084119005283941,1.2352890030038057,0.0
0.06938906677939731,-0.5515474208023398,1.0
2.03094159787221,1.1470358792084094,0.0
0.6841455352680974,-0.9956472241416071,1.0
0.2352252158715038,-1.4484464535956563,1.0
0.16681762313673745,-1.261719252287806,1.0
-0.12342737871510036,0.8525886390994142,0.0
-1.8777623789609996,-0.4199753493656148,1.0
-2.033616612892047,0.8487650567474837,0.0
-0.13864213251553226,-1.0685857080857157,1.0
0.7855577499436861,0.8719858768138786,0.0
-0.9228778132086283,-1.2684328447108635,1.0
1.1450201808748774,-1.0947592175537308,1.0
-0.17576798115667516,-1.106074210206753,1.0
2.125870881627488,0.23213645685621434,1.0
-0.5629251425616258,-1.0198465485006645,1.0
-2.5207980078672407,1.2638544596323056,0.0
0.8489045200255837,-0.3260347261278104,0.0
0.5628099128053986,-1.3150852276008622,1.0
-2.0432821421553733,0.5110266374911516,0.0
-1.3825812083366391,1.0090234988740643,0.0
-0.7129207580810681,0.5741318466673071,0.0
0.3991495086474214,-1.2419136225576777,1.0
1.7841356856936175,0.6173454025460885,0.0
-1.4094021682747901,-1.5216863110117984,1.0
-0.26466456351643214,1.0434909456012544,0.0
1.0359492342163268,-0.5388821948111098,1.0
0.29258287424969903,0.882937339954284,0.0
0.2278667067640656,-0.6976874759484819,1.0
1.3379738924151052,-0.906933642279897,1.0
-2.7443100537287566,-0.5975066401174818,1.0
1.359552667470487,-0.5332363729495737,1.0
-1.8439076751488737,-0.6848999554308964,1.0
0.6622489275946424,-0.38132829302053695,1.0
0.4797988127850954,-1.213149950456185,1.0
-0.4879361230597845,-1.1482648787399434,1.0
0.8584627964820072,-1.3932687147396685,1.0
-2.205924642388164,1.32279970976137,0.0
1.0667616386707048,-0.8645543933598194,1.0
-1.2610578130839727,-1.4542744258885356,1.0
0.41418938406325534,-0.7246878487845553,1.0
-0.15811956652972975,-0.9457434507337269,1.0
-0.5344956389562164,0.6598298829700866,0.0
0.5909123705985114,-0.6631154323915522,1.0
0.17653337000415825,1.919792213887398,0.0
-0.8709049944546371,0.6248029800068279,0.0
-1.222942439724839,1.24388247955766,0.0
-1.1984692741753737,-0.41483949901376477,1.0
-1.0153868106719064,-0.47276008188106783,1.0
1.3312031580226393,0.19765462129420078,0.0
1.7409322159913054,0.817281567060272,0.0
-1.4675318506724295,1.333628763398725,0.0
-0.04740522142955648,-0.9008805627395097,1.0
0.32463849332872574,0.997682477164537,0.0
-0.6043800087456037,-0.32775373711385347,0.0
-0.13321405369449035,-1.3283996756980256,1.0
0.7437606694824829,-1.6062567633735894,1.0
-1.4484504625867987,-1.313799354974066,1.0
-2.3145624670551115,1.0150995644310357,0.0
0.2816559479689681,-0.8578691873159987,1.0
1.7449553573562724,0.14032566299774962,0.0
-1.8684619147326473,-1.5172018665014355,1.0
0.2902878307748655,-0.25256433055819677,1.0
0.6567228757743122,2.087457441671247,0.0
1.3134884733162906,0.70164036278395,0.0
-0.0952271146871192,-1.87662698574384,1.0
-1.2243364346679233,-1.0331292089670565,1.0
-0.3296864409162753,1.1752625144999396,0.0
-0.3417985859702637,1.535529822952108,0.0
0.09875439246366347,-1.3124403654127765,1.0
-0.8947739944057002,-0.7054052395025111,1.0
-0.9711082796300778,-1.2884436508532868,1.0
-0.4775052969685771,0.05658308735507661,1.0
-0.29594455109295464,-1.5174369604192404,1.0
0.5460902148792064,1.6210634683320762,0.0
0.5125086058661339,0.051732285426519975,0.0
-0.67544654929092,-0.6131077862046584,1.0
-0.25097547386729296,1.4376631118208854,0.0
-0.587540726427464,-0.0531275784361727,1.0
-1.0704826639473783,-1.2546599504060694,1.0
-0.930663433130751,0.006652694933996967,1.0
0.6458186016489982,1.3514708970670124,0.0
0.364241858315065,-1.508214668148518,1.0
0.348423576295337,0.3483666024441468,0.0
-0.4755093813315175,-1.5368410654652496,1.0
1.6913690883533785,-1.3029385875524726,1.0
-0.21165788484121398,-0.8989992895911936,1.0
0.9390890509835305,-0.7245038174994408,1.0
-1.3469777891989487,-0.38578206469071424,1.0
-0.6679651472547882,-0.7152384931780743,1.0
0.5873578497379726,1.0086523444113902,0.0
-0.03832131149644684,0.4527338603894155,0.0
0.7996414448721433,-0.9362649927143264,1.0
0.45139410444290884,1.3756213959136059,0.0
-2.7980836860010583,1.8367680711015197,0.0
-0.14507316948385798,1.9565667554101591,0.0
-0.2537253653351032,0.41165719381005417,0.0
-1.1180109771070896,0.8391868920170712,0.0
